Date,Price_BTC,Volume_BTC,Price_ETH,Volume_ETH
2020-12-10,18254.63,52890.675094,558.99,608414.51466
2020-12-11,18036.53,72610.724259,544.43,768921.78317
2020-12-12,18808.69,49519.978432,568.04,573913.95311
2020-12-13,19174.99,56560.821744,590.7,657794.46158
2020-12-15,19426.43,61834.366011,588.64,569270.52011
2020-12-16,21335.52,114306.33557,637.18,1185588.05078
2020-12-17,22797.16,184882.476748,642.7,2006130.01975
2020-12-18,23107.39,79646.134315,653.85,1000012.98018
2020-12-19,23821.61,86045.064677,658.03,858803.88459
2020-12-20,23455.52,76690.145685,638.18,823958.22843
2020-12-21,22719.71,88030.297243,607.58,843251.16565
2020-12-22,23810.79,87033.12616,636.45,918851.25654
2020-12-23,23232.76,119047.259733,585.56,1208807.36518
2020-12-25,24712.47,79519.943569,626.82,798009.62915
2020-12-26,26493.39,97806.513386,637.44,958585.50647
2020-12-28,27079.41,79721.742496,730.41,1627154.39266
2020-12-30,28875.54,95356.057826,752.17,1008574.09906
2020-12-31,28923.63,75508.505152,736.42,863375.57981
2021-01-01,29331.69,54182.925011,728.91,675114.09329
2021-01-03,33000.05,120957.56675,978.28,2813603.88615
2021-01-04,31988.71,140899.88569,1041.43,4245010.94004
2021-01-05,33949.53,116049.997038,1099.56,2706995.67525
2021-01-06,36769.36,127139.20131,1208.42,2390136.59334
2021-01-07,39432.28,132825.700437,1224.87,1972922.82059
2021-01-08,40582.81,139789.957499,1216.93,2131172.92341
2021-01-09,40088.22,75785.979675,1276.0,1448871.11514
2021-01-12,34051.24,133948.151996,1050.16,2302645.34052
2021-01-13,37371.38,124477.914938,1129.89,1564202.39081
2021-01-14,39144.5,102950.389421,1231.62,1555737.38556
2021-01-15,36742.22,118300.920916,1168.53,1944038.83738
2021-01-16,35994.98,86348.431508,1227.83,1575384.43797
2021-01-17,35828.61,80157.727384,1232.45,1317285.00579
2021-01-18,36631.27,70698.11875,1258.45,998050.11073
2021-01-20,35468.23,89368.422918,1376.99,2219137.62144
2021-01-21,30850.13,135004.076658,1110.96,2310208.57298
2021-01-22,32945.17,142971.684049,1232.62,2020593.21673
2021-01-23,32078.0,64595.287675,1233.6,1009545.08258
2021-01-24,32259.9,57978.037966,1392.51,1510879.53817
2021-01-25,32254.2,88499.226921,1317.88,1885441.31289
2021-01-26,32467.77,84972.20691,1365.97,1682923.65799
2021-01-27,30366.15,95911.961711,1239.03,2009772.08358
2021-01-28,33364.86,92621.145617,1329.69,1365269.71962
2021-01-29,34252.2,231827.005626,1379.5,2253963.18682
2021-01-31,33092.98,68742.280384,1312.55,958704.85571
2021-02-01,33526.37,82718.276882,1374.17,1096397.91862
2021-02-02,35466.24,78056.65988,1511.87,1944227.99878
2021-02-03,37618.87,80784.333663,1664.49,1535869.88801
2021-02-04,36936.66,92080.735898,1595.67,1646502.32962
2021-02-05,38290.24,66681.334275,1719.19,1194123.29946
2021-02-06,39186.94,98757.311183,1676.35,1149808.33101
2021-02-07,38795.69,84363.679763,1611.62,1281734.86814
2021-02-08,46374.87,138597.536914,1750.15,1339777.09536
2021-02-09,46420.42,115499.861712,1769.13,1185071.89593
2021-02-10,44807.58,97154.1822,1740.78,1219932.25474
2021-02-11,47969.51,89561.081454,1785.62,735079.82699
2021-02-12,47287.6,85870.035697,1840.26,909600.20653
2021-02-13,47153.69,63768.097399,1814.96,767589.07285
2021-02-15,47911.1,79398.156784,1779.25,1053474.57879
2021-02-16,49133.45,88813.266298,1781.99,817493.47513
2021-02-17,52119.71,85743.637818,1849.88,795711.63311
2021-02-18,51552.6,60758.046954,1939.61,937227.10191
2021-02-19,55906.0,79659.77802,1955.0,793404.4115
2021-02-20,55841.19,80948.205314,1913.0,1261315.81279
2021-02-21,57408.57,58166.708511,1933.53,756568.19743
2021-02-22,54087.67,134019.434944,1777.58,1807244.98099
2021-02-23,48891.0,169375.025051,1577.89,2547837.82068
2021-02-25,47073.73,83310.673121,1481.75,1032670.79409
2021-02-26,46276.87,109423.200663,1444.59,1355973.29378
2021-02-27,46106.43,66060.834292,1458.13,927423.0475
2021-02-28,45135.66,83055.369042,1419.18,1410207.56284
2021-03-01,49587.03,85086.111648,1569.86,1094695.17839
2021-03-02,48440.65,64221.06214,1486.78,1061142.38743
2021-03-03,50349.37,81035.913705,1567.69,1054846.31471
2021-03-04,48374.09,82649.716829,1539.23,946365.67088
2021-03-05,48751.71,78192.496372,1528.31,910786.28976
2021-03-06,48882.2,44399.234242,1650.35,1013300.93928
2021-03-08,52375.17,66987.359664,1833.18,1149711.39987
2021-03-09,54884.5,71656.737076,1870.51,857229.47855
2021-03-10,55851.59,84749.238943,1795.12,937230.62831
2021-03-11,57773.16,81914.812859,1825.78,909011.4961
2021-03-12,57221.72,73405.406047,1766.1,869564.6361
2021-03-13,61188.39,83245.091346,1922.35,926283.22642
2021-03-14,58968.31,52601.05275,1848.1,637963.63627
2021-03-15,55605.2,102771.427298,1793.48,1025326.79658
2021-03-16,56900.75,77986.694355,1805.12,764993.40147
2021-03-17,58912.97,70421.620841,1823.58,658349.44843
2021-03-18,57648.16,66580.406675,1776.08,603721.61056
2021-03-19,58030.01,52392.652961,1809.1,500258.42875
2021-03-20,58102.28,44476.941776,1806.1,451556.10639
2021-03-21,57351.56,48564.470274,1782.98,465953.98749
2021-03-23,54340.89,59789.365427,1668.08,577213.99589
2021-03-24,52303.65,83537.465021,1581.84,753834.52393
2021-03-25,51293.78,87400.534538,1585.74,701697.00258
2021-03-26,55025.59,63813.774692,1698.84,515470.92907
2021-03-27,55817.14,50105.475055,1712.63,443845.49957
2021-03-28,55777.63,39050.387511,1687.01,348895.51314
2021-03-30,58746.57,55122.443122,1840.46,568842.00526
2021-03-31,58740.55,60975.542666,1919.37,746995.8591
2021-04-01,58720.44,47415.61722,1968.05,741585.07266
2021-04-02,58950.01,47382.418781,2133.69,846197.93215
2021-04-03,57051.94,47409.852113,2008.52,770176.32192
2021-04-04,58202.01,41314.081973,2075.69,514345.76554
2021-04-05,59129.99,54258.01579,2107.38,684923.61494
2021-04-06,57991.15,54201.000727,2112.21,673386.05575
2021-04-07,55953.45,71228.405659,1963.47,892984.90422
2021-04-08,58077.52,44283.147019,2080.46,501355.998
2021-04-09,58142.54,40831.884911,2066.87,426387.4379
2021-04-10,59769.13,69906.424117,2133.49,655458.20894
2021-04-11,60002.43,41156.715391,2151.36,392265.50773
2021-04-12,59860.0,56375.037117,2137.69,579093.35694
2021-04-13,63575.0,82848.688746,2299.19,782608.6209
2021-04-14,62959.53,82616.343993,2432.6,972931.60866
2021-04-15,63159.98,51649.70034,2514.04,681950.96645
2021-04-16,61334.8,91764.139884,2422.67,999163.75205
2021-04-17,60006.66,58912.256128,2317.6,624232.25568
2021-04-18,56150.01,124882.131824,2235.64,1475383.69204
2021-04-19,55633.14,78229.042267,2161.12,820592.26555
2021-04-20,56425.0,72744.482151,2330.03,992240.809
2021-04-21,53787.63,66984.756909,2357.06,1177885.8617
2021-04-22,51690.96,104656.631337,2397.94,2220753.09746
2021-04-23,51125.14,132230.780719,2367.39,2532242.44185
2021-04-24,50047.84,55361.512573,2213.35,997688.94623
2021-04-25,49066.77,58255.645004,2320.49,857517.38218
2021-04-26,54001.39,86310.802124,2532.6,1076469.01367
2021-04-27,55011.97,54064.034675,2666.13,771728.46451
2021-04-28,54846.22,55130.459015,2748.24,999383.1852
2021-04-29,53555.0,52486.019455,2757.04,863890.01069
2021-04-30,57694.27,68578.910045,2772.42,695339.20482
2021-05-01,57800.37,42600.351836,2944.77,690260.07741
2021-05-02,56578.21,36812.878863,2949.56,571982.5445
2021-05-03,57169.39,57649.931286,3431.04,1329088.0628
2021-05-05,57436.11,77263.923439,3524.26,1174816.73588
2021-05-06,56393.68,70181.671908,3489.73,920592.57706
2021-05-08,58862.05,69709.906028,3910.26,1130467.54852
2021-05-09,58240.84,69806.11991,3923.95,1000401.0082
2021-05-10,55816.14,89586.34925,3945.88,1505897.92612
2021-05-11,56670.02,64329.54055,4173.45,1095927.10403
2021-05-12,49631.32,99842.789836,3823.21,1601842.74017
2021-05-13,49670.97,147332.002121,3717.91,2068708.17427
2021-05-14,49841.45,80082.204306,4075.01,1153390.42631
2021-05-15,46762.99,89437.449359,3646.68,1039174.88082
2021-05-16,46431.5,114269.812775,3582.1,1324065.65875
2021-05-17,43538.04,166657.172736,3282.51,1904012.43998
2021-05-18,42849.78,116979.860784,3375.07,1287110.84143
2021-05-19,36690.09,354347.243161,2438.92,4309836.31939
2021-05-21,37252.01,202100.888258,2430.98,2727031.93514
2021-05-22,37449.73,126542.243689,2294.87,1684318.01157
2021-05-23,34655.25,217136.046593,2096.39,2914548.73125
2021-05-24,38796.29,161630.893971,2648.43,2186632.92245
2021-05-26,39241.91,104780.773396,2884.94,1583799.59251
2021-05-27,38529.98,86547.158794,2742.23,1099029.91206
2021-05-28,35663.49,135377.62972,2412.1,1554584.61362
2021-05-29,34605.15,112663.092689,2278.74,1379427.18851
2021-05-31,37253.81,94160.735289,2706.15,1307958.04068
2021-06-01,36693.09,81234.66377,2634.57,1179577.10806
2021-06-02,37568.68,67587.372495,2706.22,970070.53563
2021-06-03,39246.79,75889.106011,2857.25,1024290.89423
2021-06-04,36829.0,91317.799245,2689.51,1188314.11191
2021-06-05,35513.2,70459.62149,2627.73,961824.12413
2021-06-06,35796.31,47650.206637,2711.92,673792.69369
2021-06-07,33552.79,77574.952573,2592.05,1152128.07856
2021-06-08,33380.81,123251.189037,2507.23,1693747.42759
2021-06-10,36675.72,109527.284943,2471.09,741237.49926
2021-06-11,37331.98,78466.0053,2354.01,587364.27358
2021-06-13,39020.57,86921.025555,2509.33,715948.75986
2021-06-14,40516.29,108522.391949,2580.77,684183.55622
2021-06-15,40144.04,80679.622838,2543.54,599826.64933
2021-06-16,38349.01,87771.976937,2367.89,624741.78358
2021-06-17,38092.97,79541.307119,2373.28,560667.58566
2021-06-18,35819.84,95228.042935,2234.09,778905.20197
2021-06-20,35600.16,89878.17085,2243.47,743883.64741
2021-06-21,31608.93,168778.873159,1885.49,1629819.66576
2021-06-22,32509.56,204208.179762,1879.28,1695338.08052
2021-06-23,33678.07,126966.100563,1968.14,918612.30494
2021-06-25,31584.45,116061.130356,1808.82,858808.54767
2021-06-26,32283.65,107820.375287,1829.64,832315.14904
2021-06-27,34700.34,96613.244211,1982.28,696055.79307
2021-06-28,34494.89,82222.267819,2084.41,1044244.68308
2021-06-29,35911.73,90788.79622,2165.33,831257.23277
2021-07-01,33504.69,71708.266112,2106.41,787865.25137
2021-07-02,33786.55,56172.181378,2154.13,672282.37476
2021-07-03,34669.13,43044.578641,2226.99,569264.801
2021-07-04,35286.51,43703.475789,2322.69,590656.25069
2021-07-05,33690.14,64123.874245,2196.53,781806.31605
2021-07-06,34220.01,58210.596349,2322.5,785330.17152
2021-07-07,33862.12,53807.521675,2316.57,666501.35572
2021-07-08,32875.71,70136.48032,2116.33,880265.04124
2021-07-09,33815.81,47153.939899,2146.99,738611.36304
2021-07-10,33502.87,34761.175468,2110.69,499071.85904
2021-07-11,34258.99,31572.647448,2140.45,342294.40302
2021-07-12,33086.63,48181.403762,2031.58,540630.10742
2021-07-13,32729.77,41126.361008,1940.15,647388.24969
2021-07-14,32820.02,46777.823484,1994.58,690505.60937
2021-07-15,31880.0,51639.576353,1919.51,645271.32563
2021-07-16,31383.87,48499.864154,1876.26,577068.89724
2021-07-17,31520.07,34012.242132,1899.59,430300.51578
2021-07-18,31778.56,35923.716186,1891.64,534837.63654
2021-07-20,29790.35,61034.049017,1786.03,786257.272
2021-07-21,32144.51,82796.265128,1995.5,1115949.82033
2021-07-22,32287.83,46148.092433,2024.56,768854.3659
2021-07-23,33634.09,50112.863626,2124.25,708160.91322
2021-07-24,34258.14,47977.550138,2184.75,633075.18592
2021-07-25,35381.02,47852.928313,2189.79,535630.27
2021-07-26,37237.6,152452.512724,2228.08,1393738.163
2021-07-27,39457.87,88397.267015,2299.49,906359.23478
2021-07-29,40016.48,53998.439283,2382.92,499364.83496
2021-07-30,42206.37,73602.784805,2461.81,762577.28797
2021-07-31,41461.83,44849.791012,2531.05,507601.05026
2021-08-01,39845.44,53953.186326,2555.69,853495.94078
2021-08-02,39147.82,50837.351954,2606.93,726701.84952
2021-08-03,38207.05,57117.435853,2509.04,792960.84375
2021-08-04,39723.18,52329.35243,2724.78,954590.7536
2021-08-05,40862.46,84343.755621,2826.99,1307720.20654
2021-08-06,42836.87,75753.941347,2891.58,825399.48637
2021-08-07,44572.54,73396.740808,3160.31,1205277.10095
2021-08-08,43794.37,69329.092698,3011.85,966349.70579
2021-08-09,46253.4,74587.884845,3160.52,1129584.61614
2021-08-10,45584.99,53814.643421,3141.66,880675.74443
2021-08-11,45511.0,52734.901977,3160.5,732546.60433
2021-08-12,44399.0,55266.108781,3045.96,737628.45808
2021-08-13,47800.0,48239.370431,3322.32,579333.40323
2021-08-14,47068.51,46114.359022,3263.16,486102.53787
2021-08-15,46973.82,42110.711334,3307.09,565579.67765
2021-08-16,45901.29,52480.574014,3146.53,635667.05422
2021-08-17,44695.95,57039.341629,3011.72,804996.06971
2021-08-18,44705.29,54099.415985,3014.55,625103.25568
2021-08-19,46760.62,53411.75392,3184.12,634769.92174
2021-08-20,49322.47,56850.352228,3284.82,558127.4554
2021-08-21,48821.87,46745.136584,3223.43,421156.09084
2021-08-22,49239.22,37007.887795,3238.0,406479.07654
2021-08-23,49488.85,52462.541954,3321.28,602103.44614
2021-08-24,47674.01,51014.594748,3170.62,540480.07853
2021-08-25,48973.32,44655.830342,3226.87,483697.69444
2021-08-26,46843.87,49371.277774,3093.2,442298.47372
2021-08-27,49069.9,42068.104965,3273.45,451027.80711
2021-08-29,48767.83,32652.283473,3223.47,335806.7827
2021-08-30,46982.91,40288.35083,3229.64,625347.27541
2021-08-31,47100.89,48645.52737,3429.2,863071.13092
2021-09-01,48810.52,49904.65528,3826.82,845759.95868
2021-09-02,49246.64,54410.770538,3785.82,525165.7996
2021-09-03,49999.14,59025.644157,3938.11,655903.75739
2021-09-04,49915.64,34664.65959,3885.52,364478.1193
2021-09-05,51756.88,40544.835873,3950.29,365759.8597
2021-09-06,52663.9,49249.667081,3926.77,397768.5783
2021-09-07,46863.73,123048.802719,3434.57,1203536.00209
2021-09-08,46048.31,65069.3152,3499.0,780611.7657
2021-09-09,46395.14,50651.66002,3424.93,628553.8831
2021-09-11,45173.69,30440.4081,3267.21,413524.1761
2021-09-12,46025.24,32094.28052,3404.21,408858.9595
2021-09-13,44940.73,65429.15056,3285.35,647855.7199
2021-09-14,47111.52,44855.85099,3434.37,373634.9026
2021-09-15,48121.41,43204.71174,3613.55,428507.5278
2021-09-16,47737.82,40725.08895,3567.98,467985.4919
2021-09-17,47299.98,34461.92776,3399.81,398888.3705
2021-09-18,48292.74,30906.47038,3435.64,315162.7627
2021-09-19,47241.75,29847.24349,3328.62,312948.0013
2021-09-22,43543.61,58349.05542,3076.92,677457.64825
2021-09-23,44865.26,48699.57655,3152.5,459293.8858
2021-09-24,42810.57,84113.426292,2928.53,932090.8856
2021-09-25,42670.64,33594.57189,2921.73,491974.0226
2021-09-26,43160.9,49879.99765,3059.37,703594.478
2021-09-27,42147.35,39776.84383,2925.59,510130.7319
2021-09-28,41026.54,43372.2624,2804.91,511325.4643
2021-09-29,41524.28,33511.53487,2850.45,411305.0893
2021-09-30,43824.1,46381.22781,3000.61,506896.7612
2021-10-01,48141.61,66244.87492,3309.91,648714.6151
2021-10-02,47634.9,30508.98131,3387.76,422551.1811
2021-10-03,48200.01,30825.05601,3417.73,360586.8905
2021-10-04,49224.94,46796.49372,3386.31,485204.642
2021-10-06,55315.0,79877.545181,3574.89,618265.5402
2021-10-07,53785.22,54917.37766,3587.47,486102.3591
2021-10-08,53951.43,46160.25785,3563.13,403597.1437
2021-10-10,54659.0,89237.836128,3414.22,580223.6302
2021-10-11,57471.35,52933.165751,3542.12,493521.882
2021-10-12,55996.93,53471.2855,3491.46,409377.1918
2021-10-13,57367.0,55808.44492,3607.42,393463.1222
2021-10-14,57347.94,43053.336781,3790.82,481894.1473
2021-10-15,61672.42,82512.908022,3868.99,504321.732
2021-10-16,60875.57,35467.88096,3829.96,373727.8549
2021-10-17,61528.33,39099.24124,3846.85,368898.9831
2021-10-18,62009.84,51798.44844,3744.96,401819.9734
2021-10-19,64280.59,53628.107744,3877.03,341268.3723
2021-10-20,66001.41,51428.934856,4161.15,537383.09732
2021-10-21,62193.15,68538.64537,4052.99,798566.55805
2021-10-23,61286.75,27626.93678,4167.12,326576.9601
2021-10-24,60852.22,31226.57676,4082.33,350115.8386
2021-10-25,63078.78,36853.83806,4220.37,347438.6534
2021-10-26,60328.81,40217.50083,4131.52,414498.1599
2021-10-27,58413.44,62124.49016,3922.0,704604.25
2021-10-28,60575.89,61056.35301,4286.02,626378.5055
2021-10-29,62253.71,43973.90414,4418.89,559231.07691
2021-10-30,61859.19,31478.12566,4322.68,340223.069
2021-10-31,61299.8,39267.63794,4287.21,412856.2893
2021-11-01,60911.11,44687.66672,4319.43,417620.7073
2021-11-02,63219.99,46368.2841,4589.89,468184.79301
2021-11-04,61395.01,35930.93314,4532.32,368218.25695
2021-11-05,60937.12,31604.48749,4474.24,305651.7244
2021-11-06,61470.61,25590.57408,4518.0,322154.0973
2021-11-07,63273.59,25515.6883,4612.59,243596.5952
2021-11-08,67525.83,54442.094554,4807.98,391102.31806
2021-11-09,66947.66,44661.378068,4732.33,311267.57998
2021-11-10,64882.43,65171.504046,4628.78,553596.99163
2021-11-11,64774.26,37237.98058,4719.0,303688.9765
2021-11-12,64122.23,44490.10816,4665.46,461580.0415
2021-11-13,64380.0,22504.97383,4644.28,220720.6611
2021-11-14,65519.1,25705.07347,4626.5,245309.0674
2021-11-15,63606.74,37829.37124,4563.78,375421.6601
2021-11-16,60058.87,77455.15609,4209.76,735857.063
2021-11-17,60344.87,46289.38491,4287.8,472852.1842
2021-11-18,56891.62,62146.99931,3996.9,576945.1837
2021-11-19,58052.24,50715.88726,4294.76,420045.0897
2021-11-21,58622.02,31902.22785,4258.31,340206.3203
2021-11-22,56247.18,51724.32047,4085.97,518501.3338
2021-11-23,57541.27,49917.85017,4339.44,502811.7902
2021-11-24,57138.29,39612.04964,4269.36,448727.0306
2021-11-25,58960.36,42153.51522,4524.85,445868.2434
2021-11-26,53726.53,65927.87066,4041.2,720245.1612
2021-11-27,54721.03,29716.99957,4095.29,275326.5202
2021-11-28,57274.88,36163.7137,4294.78,346471.3551
2021-11-30,56950.56,49161.05194,4630.26,743024.4662
2021-12-01,57184.07,44956.63656,4582.95,508198.3105
2021-12-02,56480.34,37574.05976,4511.21,451861.9545
2021-12-03,53601.05,58927.69027,4215.73,677974.8659
2021-12-04,49152.47,114203.373748,4117.25,1111773.1451
2021-12-05,49396.33,45580.82012,4196.44,536325.4413
2021-12-06,50441.92,58571.21575,4347.59,726742.9638
2021-12-08,50471.19,38425.92466,4436.91,429403.9351
2021-12-09,47545.59,37692.68665,4105.64,462173.711
2021-12-10,47140.54,44233.57391,3897.94,563236.5671
2021-12-12,50053.9,26017.93421,4130.0,260535.5157
2021-12-13,46702.75,50869.52093,3781.93,533467.2307
2021-12-14,48343.28,39955.98445,3858.99,395145.7462
2021-12-15,48864.98,51629.181,4019.08,542068.0573
2021-12-16,47632.38,31949.86739,3958.11,368780.031
2021-12-17,46131.2,43104.4887,3875.42,463370.9225
2021-12-18,46834.48,25020.05271,3959.93,339593.2543
2021-12-19,46681.23,29305.70665,3924.14,306006.323
2021-12-20,46914.16,35848.50609,3944.73,366916.4771
2021-12-21,48889.88,37713.92924,4014.15,340826.3553
2021-12-22,48588.16,27004.2022,3979.51,303191.8076
2021-12-23,50838.81,35192.54046,4111.41,380207.8166
2021-12-24,50820.0,31684.84269,4046.36,230833.1661
2021-12-25,50399.66,19135.51613,4094.83,208126.8805
2021-12-26,50775.49,22569.88914,4063.56,189309.255
2021-12-27,50701.44,28792.21566,4037.23,222225.3761
2021-12-28,47543.74,45853.33924,3792.75,358064.7163
2021-12-30,47120.87,30352.29569,3709.27,249263.7305
2021-12-31,46216.93,34937.99796,3676.23,268014.2942
2022-01-01,47722.65,19604.46325,3765.54,154143.8968
2022-01-02,47286.18,18340.4604,3828.27,154791.4263
2022-01-03,46446.1,27662.0771,3765.89,236245.8586
2022-01-04,45832.01,35491.4136,3785.11,288258.5549
2022-01-05,43451.13,51784.11857,3540.63,397942.0363
2022-01-06,43082.31,38880.37305,3406.81,496745.7413
2022-01-07,41566.48,54836.50818,3199.24,669631.7262
2022-01-08,41679.74,32952.73111,3080.95,400692.1061
2022-01-09,41864.62,22724.39426,3151.97,275874.1643
2022-01-10,41822.49,50729.17019,3082.68,529818.3866
2022-01-11,42729.29,37296.43729,3239.72,362446.7087
2022-01-12,43902.66,33943.2928,3371.26,370465.8015
2022-01-14,43059.96,32640.88292,3307.42,285326.3505
2022-01-15,43084.29,21936.05616,3326.04,203100.3778
2022-01-16,43071.66,20602.35271,3346.88,210782.2277
2022-01-17,42201.62,27562.08613,3209.67,284063.6548
2022-01-18,42352.12,29324.08257,3159.85,299134.2728
2022-01-19,41660.01,31685.72159,3084.02,332996.5703
2022-01-20,40680.91,42330.33953,3001.48,357596.7062
2022-01-21,36445.31,88860.891999,2568.15,1022021.70024
2022-01-22,35071.42,90471.338961,2412.18,1081357.54893
2022-01-23,36244.55,44279.52354,2539.01,580497.7613
2022-01-25,36958.32,49232.40183,2458.83,510152.954
2022-01-26,36809.34,69830.16036,2462.99,806441.62289
2022-01-27,37160.1,53020.87934,2424.25,599481.7159
2022-01-28,37716.56,42154.26956,2544.99,485149.8065
2022-01-30,37881.76,21430.66527,2601.68,290770.0859
2022-01-31,38466.9,36855.2458,2686.94,444584.851
2022-02-01,38694.59,34574.44663,2787.23,390034.27362
2022-02-02,36896.36,35794.6813,2680.67,447852.1228
2022-02-03,37311.61,32081.10999,2695.46,405043.3931
2022-02-04,41574.25,64703.95874,2994.99,664002.9328
2022-02-05,41382.59,32532.34372,3012.65,356803.3071
2022-02-06,42380.87,22405.16704,3054.99,249394.5966
2022-02-07,43839.99,51060.62006,3139.77,455070.2529
2022-02-08,44042.99,64880.29387,3116.69,514773.5837
2022-02-09,44372.72,34428.16729,3243.94,370267.8913
2022-02-10,43495.44,62357.29091,3072.49,578212.8383
2022-02-11,42373.73,44975.1687,2927.54,462025.8751
2022-02-12,42217.87,26556.85681,2918.88,336250.3131
2022-02-13,42053.66,17732.08113,2871.13,242751.3547
2022-02-14,42535.94,34010.1306,2929.75,381778.238
2022-02-15,44544.86,38095.19576,3183.52,448971.754
2022-02-16,43873.56,28471.8727,3122.3,319997.6244
2022-02-17,40515.7,47245.99494,2891.87,488693.2624
2022-02-18,39974.44,43845.92241,2779.48,502977.4069
2022-02-19,40079.17,18042.0551,2763.63,293838.0025
2022-02-20,38386.89,33439.29011,2621.99,386384.904
2022-02-21,37008.16,62347.68496,2568.02,761838.9858
2022-02-22,38230.33,53785.94589,2636.29,692639.4942
2022-02-23,37250.01,43560.732,2579.71,504470.1412
2022-02-24,38327.21,120476.29458,2596.2,1395732.7753
2022-02-25,39219.17,56574.57125,2768.49,679394.1762
2022-02-26,39116.72,29361.2568,2779.47,418485.2529
2022-02-27,37699.07,46229.44719,2616.79,650198.7785
2022-02-28,43160.0,73945.63858,2920.95,733794.4488
2022-03-01,44421.2,61743.09873,2976.33,673901.6976
2022-03-02,43892.98,57782.65081,2947.3,614623.7461
2022-03-04,39148.66,61964.68498,2622.1,556178.7588
2022-03-05,39397.96,30363.13341,2665.15,268730.3036
2022-03-06,38420.81,39677.26158,2551.29,336487.9099
2022-03-07,37988.0,63994.11559,2491.12,620171.6787
2022-03-08,38730.63,55583.06638,2575.97,561659.7421
2022-03-10,39422.0,71962.93154,2606.7,559029.9377
2022-03-11,38729.57,59018.7642,2556.86,494583.6568
2022-03-12,38807.36,24034.36432,2568.8,219236.5711
2022-03-13,37777.34,32791.82359,2515.65,316942.1601
2022-03-14,39671.37,46945.45375,2589.41,386630.1912
2022-03-15,39280.33,46015.54926,2617.73,461202.3014
2022-03-16,41114.0,88120.76167,2773.81,666224.7217
2022-03-17,40917.9,37189.38087,2811.92,379312.541
2022-03-18,41757.51,45408.00969,2938.92,556535.7966
2022-03-19,42201.13,29067.18108,2950.84,325971.5398
2022-03-20,41262.11,30653.33468,2861.38,377608.8214
2022-03-22,42364.13,59454.94294,2969.64,564868.9839
2022-03-23,42882.76,40828.87039,3036.0,453962.7298
2022-03-24,43991.46,56195.12374,3110.76,577171.5239
2022-03-25,44313.16,54614.43648,3102.14,489099.5572
2022-03-26,44511.27,23041.61741,3145.0,207134.847
2022-03-27,46827.76,41874.91071,3295.65,335467.4145
2022-03-28,47122.21,58949.2614,3332.92,527237.1133
2022-03-29,47434.8,36772.28457,3400.51,465899.8226
2022-03-30,47067.99,40947.2085,3385.79,356082.5231
2022-03-31,45510.34,48645.12667,3281.51,455091.2395
2022-04-01,46283.49,56271.06474,3455.21,532169.2392
2022-04-02,45811.0,37073.53582,3443.77,499893.29
2022-04-03,46407.35,33394.67794,3521.91,381581.7683
2022-04-04,46580.51,44641.87514,3519.5,449984.1586
2022-04-05,45497.55,42192.74852,3406.99,397782.7437
2022-04-06,43170.47,60849.32936,3168.51,736273.1047
2022-04-07,43444.19,37396.54156,3227.19,458179.3272
2022-04-08,42252.01,42375.04203,3192.39,502422.5048
2022-04-10,42158.85,22771.09403,3203.04,232303.2326
2022-04-11,39530.45,63560.44721,2979.74,693394.2912
2022-04-12,40074.94,57751.01778,3027.66,579522.9505
2022-04-13,41147.79,41342.27254,3118.28,419101.494
2022-04-14,39942.38,36807.01401,3021.98,408382.5572
2022-04-15,40551.9,24026.35739,3040.56,249626.2981
2022-04-16,40378.71,15805.44718,3059.3,176352.4165
2022-04-17,39678.12,19988.49259,2988.06,243772.074
2022-04-18,40801.13,54243.49575,3055.56,510251.6536
2022-04-19,41493.18,35788.85843,3101.77,359375.0038
2022-04-20,41358.19,40877.35041,3076.04,415000.0685
2022-04-21,40480.01,59316.27657,2983.58,562699.697
2022-04-22,39709.18,46664.0196,2962.39,452433.082
2022-04-23,39441.6,20291.42375,2933.03,187576.7324
2022-04-24,39450.13,26703.61186,2921.0,218957.0222
2022-04-25,40426.08,63037.12784,3006.62,619198.3616
2022-04-26,38112.65,66650.258,2809.67,531184.3504
2022-04-27,39235.72,57083.12272,2888.96,488951.2416
2022-04-28,39742.07,56086.6715,2936.93,537392.9978
2022-04-29,38596.11,51453.65715,2817.13,525978.147
2022-04-30,37630.8,35321.18989,2726.66,367757.2469
2022-05-01,38468.35,38812.24104,2824.81,442544.8792
2022-05-02,38525.16,53200.92628,2856.54,521706.8567
2022-05-03,37728.95,40316.45358,2781.7,371331.1796
2022-05-04,39690.0,62574.61736,2940.64,548738.0668
2022-05-05,36552.97,88722.43355,2747.97,734845.3194
2022-05-06,36013.77,68437.80187,2692.85,711449.3234
2022-05-07,35472.39,34281.70682,2635.34,371271.4532
2022-05-08,34038.4,72445.64344,2519.71,757615.3415
2022-05-09,30076.31,191876.926428,2228.55,1574924.9793
2022-05-10,31017.1,165532.00311,2342.05,1550626.1387
2022-05-11,29103.94,207063.739278,2084.99,2022864.83806
2022-05-12,29029.75,204507.263138,1960.22,2305192.90836
2022-05-13,29287.05,97872.36957,2009.69,1134042.3387
2022-05-14,30086.74,51095.87863,2056.48,563788.3078
2022-05-15,31328.89,46275.66912,2145.29,514398.2587
2022-05-16,29874.01,73082.19658,2023.66,822070.8531
2022-05-17,30444.93,56724.13307,2090.72,568249.0448
2022-05-18,28715.32,59749.15799,1915.11,631577.2341
2022-05-19,30319.23,67877.36415,2019.55,741476.9794
2022-05-20,29201.01,60517.25325,1959.08,576981.5371
2022-05-21,29445.06,20987.13124,1975.07,238869.7632
2022-05-22,30293.94,36158.98748,2043.19,355735.1927
2022-05-23,29109.15,63901.49932,1973.32,636085.0224
2022-05-24,29654.58,59442.96036,1979.41,534096.972
2022-05-25,29542.15,59537.38659,1942.63,524786.3091
2022-05-26,29201.35,94581.65463,1792.23,1168740.57514
2022-05-27,28629.8,90998.5201,1727.27,1296693.28537
2022-05-28,29031.33,34479.35127,1792.22,558271.1818
2022-05-29,29468.1,27567.34764,1813.64,432430.611
2022-05-30,31734.22,96785.9476,1998.78,814922.8359
2022-05-31,31801.04,62433.11632,1941.9,751103.4226
2022-06-01,29805.83,103395.63382,1817.95,1037841.2706
2022-06-02,30452.62,56961.42928,1834.08,788784.4017
2022-06-03,29700.21,54067.44727,1775.12,741282.5346
2022-06-04,29864.04,25617.90113,1804.58,388279.4579
2022-06-05,29919.21,23139.9281,1806.23,371974.5061
2022-06-06,31373.1,68836.92456,1859.84,804250.3567
2022-06-07,31125.33,110674.51658,1813.33,1397598.2288
2022-06-08,30204.77,68542.61276,1791.88,941510.1373
2022-06-10,29091.88,76204.2498,1662.91,955035.79239
2022-06-11,28424.7,65901.39895,1532.89,1220325.2542
2022-06-12,26574.53,92474.598809,1434.84,1563225.37018
2022-06-13,22487.41,254611.034966,1209.82,3626351.66536
2022-06-14,22136.41,187201.64671,1208.9,2716493.80131
2022-06-15,22583.72,200774.493467,1237.52,3114823.13621
2022-06-16,20401.31,99673.59429,1068.5,1447386.8304
2022-06-17,20468.81,86694.33663,1086.94,1220677.9491
2022-06-18,18970.79,196441.655524,995.13,2308983.5187
2022-06-19,20574.0,128320.87595,1128.53,2018599.4499
2022-06-20,20573.89,109028.94154,1128.24,1721772.9132
2022-06-21,20723.52,104371.0749,1125.85,1306095.3757
2022-06-22,19987.99,92133.97938,1050.19,1306959.8593
2022-06-23,21110.13,83127.08716,1144.72,1278257.0899
2022-06-24,21237.69,77430.36622,1225.02,1337137.483
2022-06-25,21491.19,51431.67794,1242.36,861986.6177
2022-06-26,21038.07,53278.10464,1197.79,884184.273
2022-06-27,20742.56,64475.0013,1192.51,868734.2061
2022-06-28,20281.29,63801.0832,1144.05,1104065.2211
2022-06-30,19942.21,93846.64806,1071.01,1420670.3656
2022-07-01,19279.8,111844.59494,1059.73,1562255.1439
2022-07-03,19315.83,51087.46631,1074.26,644746.3337
2022-07-04,20236.71,74814.04601,1151.0,1150108.9861
2022-07-05,20175.83,96041.13756,1132.5,1398961.4495
2022-07-06,20564.51,82439.5808,1186.57,1211768.0757
2022-07-07,21624.98,85014.58261,1237.49,1001316.079
2022-07-08,21594.75,403081.57349,1214.04,1189518.3631
2022-07-09,21591.83,178417.84468,1217.02,576337.1809
2022-07-10,20862.47,192188.21556,1168.36,1018038.6506
2022-07-11,19963.61,137535.40724,1096.4,1201652.3048
2022-07-12,19328.75,139506.45862,1038.58,1261349.6321
2022-07-13,20234.87,209250.24888,1115.0,2035605.8299
2022-07-14,20588.84,174809.21696,1193.42,1605101.9262
2022-07-15,20830.04,143343.3049,1231.25,1466037.2584
2022-07-16,21195.6,121011.67393,1355.85,1493809.9226
2022-07-17,20798.16,118229.4525,1338.65,1246202.8795
2022-07-18,22432.58,239942.73132,1581.04,2029918.76521
2022-07-19,23396.62,263770.76574,1542.32,1846048.6816
2022-07-20,23223.3,238762.17094,1521.58,1351177.4247
2022-07-21,23152.19,184817.68191,1575.45,1247327.4963
2022-07-22,22684.83,171598.43966,1535.27,1170723.0873
2022-07-23,22451.07,122137.77375,1548.67,851284.7339
2022-07-25,21310.9,180344.76643,1440.79,1418390.9809
2022-07-26,21254.67,177817.24326,1449.12,1199643.7408
2022-07-27,22952.45,210971.19796,1635.74,1513426.0413
2022-07-28,23842.93,236029.0741,1724.52,1578145.07555
2022-07-29,23773.75,198298.50623,1721.68,1205266.5703
2022-07-30,23643.51,151060.13211,1697.0,735132.5286
2022-07-31,23293.32,127743.32483,1678.12,696326.8079
2022-08-01,23268.01,144210.16219,1630.28,801566.5648
2022-08-02,22987.79,158073.28225,1630.91,1081964.5104
2022-08-03,22818.37,145948.80995,1618.16,777724.7413
2022-08-04,22622.98,154854.67016,1607.96,735552.181
2022-08-05,23312.42,175251.69749,1736.81,1005846.4712
2022-08-06,22954.21,83911.80307,1690.6,523314.6444
2022-08-07,23174.39,88890.00877,1700.19,439904.764
2022-08-09,23149.95,143182.50858,1702.76,818171.1019
2022-08-10,23954.05,208916.54953,1853.57,1317767.5127
2022-08-11,23934.39,249759.79557,1880.19,1105261.9009
2022-08-12,24403.68,174207.5704,1958.28,717628.1015
2022-08-14,24305.24,151206.14473,1935.31,569583.4852
2022-08-15,24094.82,242539.54758,1899.06,949162.3305
2022-08-16,23854.74,179324.94821,1876.67,622729.1499
2022-08-17,23342.66,210668.68766,1834.25,951824.8975
2022-08-18,23191.2,144185.97011,1846.39,606254.024
2022-08-19,20834.39,283995.87747,1609.01,1419826.9515
2022-08-20,21140.07,183041.68363,1576.04,914615.9226
2022-08-21,21515.61,159200.6841,1618.13,780662.6062
2022-08-22,21399.83,222222.04526,1624.66,941192.8954
2022-08-23,21529.12,200967.77164,1665.41,940246.932
2022-08-24,21368.08,174383.22046,1656.56,744667.6078
2022-08-25,21559.04,169915.78301,1695.11,603090.713
2022-08-26,20241.05,273811.61955,1508.18,1149912.8292
2022-08-27,20037.6,162582.46032,1491.06,756136.6768
2022-08-28,19555.61,139307.95976,1426.76,544846.4486
2022-08-29,20285.73,210509.49545,1551.8,826252.0831
2022-08-30,19811.66,256634.35529,1524.59,1003075.0172
2022-08-31,20050.02,276946.60765,1554.1,949227.6775
2022-09-01,20131.46,245289.97263,1586.16,728710.482
2022-09-02,19951.86,245986.6033,1575.35,919009.6598
2022-09-03,19831.9,146639.03204,1557.46,321397.2189
2022-09-04,20000.3,145588.77893,1579.28,296591.1166
2022-09-05,19796.84,222543.01057,1617.8,503492.937
2022-09-06,18790.61,356315.05718,1559.01,1010722.8578
2022-09-07,19292.84,287394.7788,1630.0,850991.4243
2022-09-08,19319.77,262813.28273,1635.37,645124.0085
2022-09-09,21360.11,428919.74652,1718.23,837458.2126
2022-09-10,21648.34,307997.33504,1774.12,411046.2466
2022-09-11,21826.87,280702.55149,1766.11,409287.7263
2022-09-12,22395.74,395395.61828,1716.37,630774.6032
2022-09-13,20173.57,431915.03333,1574.4,1134549.7256
2022-09-14,20226.71,340826.40151,1638.39,764562.5393
2022-09-15,19701.88,333069.76076,1472.75,1335499.8047
2022-09-16,19803.3,283791.07064,1433.9,693597.2425
2022-09-17,20113.62,179350.24338,1468.83,421391.3743
2022-09-18,19416.18,254217.46904,1334.51,804113.468
2022-09-19,19537.02,380512.40306,1375.98,974855.198
2022-09-20,18875.0,324098.3286,1322.93,658027.1465
2022-09-21,18461.36,385034.10021,1245.78,1192266.7379
2022-09-23,19289.91,385886.91829,1327.25,974052.3644
2022-09-24,18920.5,239496.56746,1317.13,517557.3497
2022-09-25,18807.38,191191.4492,1294.63,515533.8409
2022-09-26,19227.82,439239.21943,1336.17,799166.4333
2022-09-27,19079.13,593260.74161,1328.02,860584.8944
2022-09-28,19412.82,521385.45547,1337.2,919314.9131
2022-09-29,19591.51,406424.93256,1335.7,770591.6895
2022-09-30,19422.61,444322.9534,1328.72,740753.611
2022-10-01,19310.95,165625.13959,1311.79,252081.9056
2022-10-03,19629.08,293585.75212,1323.09,483775.2435
2022-10-04,20337.82,327012.00127,1361.49,476207.6702
2022-10-06,19960.67,320122.1702,1352.06,573975.324
2022-10-07,19530.09,220874.83913,1331.1,491999.8776
2022-10-08,19417.96,102480.09842,1315.48,203391.6612
2022-10-10,19131.87,212509.09849,1290.03,393663.0114
2022-10-12,19155.53,213826.26731,1294.44,369712.5759
2022-10-13,19375.13,399756.68337,1287.08,945618.3163
2022-10-14,19176.93,351634.32601,1296.27,669742.8093
2022-10-15,19069.39,113847.64232,1274.92,287100.9529
2022-10-16,19262.98,131894.61885,1305.95,293321.3632
2022-10-17,19549.86,222813.87634,1331.4,459848.4941
2022-10-18,19327.44,260313.07848,1310.71,572728.9189
2022-10-19,19123.97,186137.29538,1285.09,368637.5105
2022-10-20,19041.92,223530.13068,1282.57,428531.6103
2022-10-23,19570.4,167057.20184,1364.2,432269.46
2022-10-24,19329.72,256168.14467,1343.61,611830.797
2022-10-25,20080.07,326370.67061,1459.74,1127932.9012
2022-10-26,20771.59,380492.69576,1566.1,1236044.7023
2022-10-27,20295.11,328643.57791,1514.05,869454.4851
2022-10-28,20591.84,287039.94569,1554.41,858954.4425
2022-10-29,20809.67,254881.77755,1619.55,914161.0846
2022-10-30,20627.48,192795.60886,1590.44,476036.4243
2022-10-31,20490.74,303567.61628,1572.69,810334.2414
2022-11-01,20483.62,279932.43771,1578.48,527539.2965
2022-11-02,20151.84,373716.27299,1518.34,981395.3648
2022-11-03,20207.82,319185.1544,1531.01,560202.8813
2022-11-04,21148.52,453694.39165,1644.78,935531.4781
2022-11-05,21299.37,245621.98525,1626.98,351385.5362
2022-11-06,20905.58,230036.97217,1568.29,414863.9525
2022-11-07,20591.13,386977.60337,1568.1,642409.4494
2022-11-08,18547.23,760705.362783,1334.77,2339916.5089
2022-11-09,15922.81,731926.929729,1102.73,2494797.9357
2022-11-10,17601.15,608448.36432,1299.28,1975955.6767
2022-11-11,17070.31,393552.86492,1289.28,1308087.1498
2022-11-12,16812.08,167819.96035,1257.25,547772.9172
2022-11-14,16619.46,380210.7775,1243.28,934742.0059
2022-11-15,16900.57,282461.84391,1253.23,632825.568
2022-11-16,16662.76,261493.40809,1216.17,673339.7215
2022-11-17,16692.56,228038.97873,1200.43,530537.3488
2022-11-18,16700.45,214224.18184,1212.58,360218.5337
2022-11-19,16700.68,104963.15558,1217.67,209789.5888
2022-11-21,15781.29,324096.997753,1107.34,922647.9454
2022-11-22,16226.94,239548.06623,1139.6,748884.5791
2022-11-23,16603.11,264927.70408,1184.52,636927.1594
2022-11-24,16598.95,206565.92346,1203.73,486080.6123
2022-11-25,16522.14,182089.49533,1199.3,391430.1658
2022-11-26,16458.57,181804.81666,1205.6,379840.8116
2022-11-27,16428.78,162025.47607,1193.88,286386.7986
2022-11-28,16212.91,252695.40367,1167.77,478795.6093
2022-11-29,16442.53,248106.25009,1216.49,512143.5861
2022-11-30,17163.64,303019.80719,1294.46,815679.2717
2022-12-02,17092.74,202372.2062,1295.59,371559.585
2022-12-03,16885.2,154542.57306,1240.51,347148.2588
2022-12-04,17105.7,178619.13387,1279.41,324129.5466
2022-12-05,16966.35,233703.29225,1259.41,391628.5166
2022-12-07,16836.64,220657.41334,1231.18,398559.5166
2022-12-08,17224.1,236417.97804,1280.18,406653.5447
2022-12-09,17128.56,238422.06465,1263.1,406008.0032
2022-12-10,17127.49,140573.97937,1266.35,182278.6396
2022-12-11,17085.05,155286.47871,1263.01,180494.902
2022-12-12,17209.83,226227.49694,1275.4,363750.5481
2022-12-13,17774.7,284462.9139,1320.69,659393.8825
2022-12-14,17803.15,266681.22209,1307.44,554465.5717
2022-12-15,17356.34,223701.96882,1266.54,390051.2447
2022-12-16,16632.12,253379.04116,1166.83,751422.2779
2022-12-17,16776.52,144825.66684,1187.16,328881.6281
2022-12-18,16738.21,112619.31646,1183.06,252260.144
2022-12-19,16438.88,179094.28305,1167.82,296832.7228
2022-12-20,16895.56,248808.92324,1216.94,465184.1943
2022-12-21,16824.67,156810.96362,1213.78,245723.8377
2022-12-22,16821.43,176044.27235,1217.71,336761.6598
2022-12-24,16836.12,100224.29096,1220.41,123701.5301
2022-12-26,16919.39,124564.00656,1228.11,162723.0857
2022-12-27,16706.36,173749.58616,1211.55,262437.6398
2022-12-28,16547.31,193037.56577,1190.15,367828.8914
2022-12-29,16633.47,160998.47158,1200.49,249130.4869
2022-12-30,16607.48,164916.31174,1199.99,266014.2115
2022-12-31,16542.4,114490.42864,1196.13,139379.2811
2023-01-01,16616.75,96925.41374,1200.34,117762.0685
2023-01-02,16672.87,121888.57191,1214.0,252794.14
2023-01-03,16675.18,159541.53733,1214.55,205519.4944
2023-01-04,16850.36,220362.18862,1256.9,457799.6648
2023-01-05,16831.85,163473.56641,1251.24,272805.33
2023-01-06,16950.65,207401.28415,1269.14,342344.2023
2023-01-07,16943.57,104526.5688,1264.07,129474.2884
2023-01-08,17127.83,135155.89695,1290.16,213636.7848
2023-01-09,17178.26,266211.52723,1320.39,581727.6968
2023-01-10,17440.66,221382.42581,1335.62,459660.2307
2023-01-11,17943.26,262221.60653,1389.39,472465.9556
2023-01-12,18846.62,454568.32178,1415.92,877712.4492
2023-01-13,19930.01,368615.87823,1451.2,499377.8649
2023-01-15,20871.5,178542.22549,1552.52,387832.7138
2023-01-16,21185.65,293078.08262,1576.94,574622.8953
2023-01-17,21134.81,275407.74409,1565.57,506771.7219
2023-01-18,20677.47,350916.01949,1511.43,752534.8857
2023-01-19,21071.59,251385.84925,1551.09,308679.4645
2023-01-20,22667.21,338079.13659,1658.52,440570.9974
2023-01-21,22783.55,346445.48432,1626.66,494248.6009
2023-01-23,22916.45,293588.37938,1626.29,407267.1156
2023-01-24,22632.89,293158.78254,1555.97,462275.3243
2023-01-25,23060.94,346042.83223,1611.94,646474.9166
2023-01-27,23074.16,280833.86315,1597.62,512093.3875
2023-01-28,23022.6,148115.71085,1572.1,313675.6574
2023-01-29,23742.3,295688.79204,1644.72,551767.9134
2023-01-30,22826.15,302405.90121,1566.2,595055.3281
2023-01-31,23125.13,264649.34909,1585.33,348856.6751
2023-02-01,23732.66,310790.42271,1641.68,474617.1709
2023-02-02,23488.94,364177.20751,1643.12,629188.8874
2023-02-03,23431.9,332571.02904,1663.52,464815.032
2023-02-04,23326.84,166126.47295,1666.38,308227.1295
2023-02-05,22932.91,209251.33917,1629.02,413579.6748
2023-02-06,22762.52,265371.6069,1614.29,384119.4197
2023-02-07,23240.46,308006.72482,1671.03,451922.4
2023-02-08,22963.0,280056.30717,1650.43,417966.2539
2023-02-10,21625.19,338591.94247,1513.06,484654.2199
2023-02-11,21862.55,177021.58433,1538.51,289691.5708
2023-02-12,21783.54,204435.65163,1514.83,286758.374
2023-02-13,21773.97,295730.76791,1505.24,643152.3904
2023-02-14,22199.84,361958.40109,1555.71,668964.3768
2023-02-15,24324.05,375669.16111,1674.92,581207.8586
2023-02-16,23517.72,450080.68366,1637.84,832723.6731
2023-02-17,24569.97,496813.21376,1693.87,579934.663
2023-02-18,24631.95,216917.25213,1691.62,267305.7813
2023-02-19,24271.76,300395.99542,1679.75,401023.0477
2023-02-20,24842.2,346938.56997,1703.27,451314.8335
2023-02-21,24452.16,376000.82868,1659.76,520354.4688
2023-02-22,24182.21,379425.75365,1643.14,528875.4809
2023-02-23,23940.2,398400.45437,1650.53,501305.9717
2023-02-24,23185.29,343582.57453,1607.8,512515.4982
2023-02-25,23157.07,191311.8101,1594.58,290188.0391
2023-02-26,23554.85,202323.73623,1641.36,308607.9941
2023-02-27,23492.09,283706.0859,1633.45,431861.4129
2023-02-28,23141.57,264140.99894,1605.23,393523.1647
2023-03-01,23628.97,315287.41737,1665.22,474456.8235
2023-03-02,23465.32,239315.45219,1647.86,423023.8082
2023-03-03,22354.34,319954.19785,1569.45,742816.5976
2023-03-04,22346.57,121257.38132,1566.73,237640.2606
2023-03-05,22430.24,154841.75786,1564.58,299240.7415
2023-03-06,22410.0,203751.82957,1565.84,307709.3011
2023-03-07,22197.96,292519.80912,1561.96,437947.9032
2023-03-08,21705.44,301460.57272,1532.38,460101.7658
2023-03-09,20362.22,443658.28584,1437.32,718485.1364
2023-03-10,20150.69,618456.4671,1426.44,960262.4509
2023-03-11,20455.73,427831.82133,1471.97,1374859.6201
2023-03-12,21997.11,430944.94288,1580.33,1002355.0929
2023-03-13,24113.48,687889.31259,1673.45,1228063.6053
2023-03-14,24670.41,699360.93423,1699.4,1283321.2355
2023-03-15,24285.66,581450.72984,1649.96,963142.4833
2023-03-16,24998.78,439421.32998,1673.73,627985.6119
2023-03-17,27395.13,624460.68091,1789.27,907528.2825
2023-03-20,27717.01,477378.23373,1732.78,682848.1248
2023-03-21,28105.47,420929.7422,1801.23,742348.4999
2023-03-22,27250.97,224113.41296,1734.33,891287.6009
2023-03-23,28295.41,128649.60818,1813.79,732061.103
2023-03-24,27454.47,86242.06544,1749.57,564770.1417
2023-03-25,27462.95,50844.08102,1741.88,355679.3743
2023-03-26,27968.05,49671.70353,1773.88,354933.2372
2023-03-28,27261.07,78602.44341,1772.99,536511.3973
2023-03-29,28348.6,89486.16008,1793.07,536865.5972
2023-03-30,28028.53,98865.43256,1793.61,579690.0394
2023-03-31,28465.36,78198.12139,1821.52,554525.4762
2023-04-01,28452.73,30238.44753,1820.79,272904.9674
2023-04-02,28171.87,37365.65692,1794.51,322122.9385
2023-04-03,27800.0,79180.01405,1810.51,628503.6619
2023-04-04,28165.47,49722.55691,1870.37,622208.6411
2023-04-05,28170.01,60737.64732,1908.69,548595.5155
2023-04-06,28033.82,40118.94963,1872.41,396241.4352
2023-04-07,27906.33,24762.09387,1863.72,284256.4873
2023-04-08,27938.38,19479.96735,1848.82,197905.5407
2023-04-10,29637.34,67754.0622,1910.2,434739.7984
2023-04-11,30200.42,67990.07621,1889.86,405203.4892
2023-04-13,30373.84,51934.11731,2012.01,676164.5188
2023-04-14,30466.93,75984.19452,2099.99,896307.3934
2023-04-15,30295.09,25429.81247,2090.6,321823.7851
2023-04-16,30304.65,26431.99322,2118.67,319880.4393
2023-04-18,30380.01,62004.89434,2103.5,414244.6135
2023-04-19,28797.1,86575.48656,1933.73,775389.0602
2023-04-20,28243.65,76879.09372,1942.98,625336.2495
2023-04-21,27262.84,77684.7679,1848.78,688876.6186
2023-04-22,27816.85,36023.69686,1874.16,331007.5879
2023-04-23,27590.6,34812.09581,1862.0,344514.3444
2023-04-24,27510.93,53111.56874,1841.84,447864.0517
2023-04-25,28300.79,52325.14637,1866.1,457870.6047
2023-04-26,28415.29,129228.40403,1866.01,897709.7298
2023-04-27,29472.77,95430.82431,1908.68,727472.9466
2023-04-28,29311.7,54298.16578,1890.94,387630.7791
2023-04-29,29230.45,20466.83058,1907.8,182046.1406
2023-04-30,29233.21,39752.5372,1870.09,355336.4888
2023-05-02,28669.86,50824.5224,1870.08,373753.2027
2023-05-03,29026.16,64615.79213,1905.12,465185.2501
2023-05-04,28838.16,42575.47501,1877.07,354528.6144
2023-05-05,29505.61,58415.83048,1993.3,546608.875
2023-05-08,27668.79,68244.36179,1847.56,625316.6168
2023-05-09,27628.27,40113.31069,1846.52,304396.186
2023-05-10,27598.75,71155.11355,1840.84,639933.3855
2023-05-11,26968.62,47635.31365,1794.3,522096.0725
2023-05-12,26795.01,67207.93494,1807.45,565539.8309
2023-05-13,26775.28,22814.90421,1795.11,212895.4373
2023-05-14,26917.62,21594.8036,1799.21,218101.0977
2023-05-15,27162.14,40430.08333,1816.2,388171.9261
2023-05-16,27033.84,33270.45451,1824.21,311238.6786
2023-05-17,27405.61,42958.97785,1822.12,352097.9913
2023-05-18,26821.28,49198.65143,1800.56,293755.311
2023-05-19,26880.26,28754.13544,1812.32,243116.4676
2023-05-20,27102.43,14434.54718,1819.42,127754.4349
2023-05-21,26747.78,21347.87279,1804.91,161517.8053
2023-05-22,26849.27,26458.83828,1817.35,237498.9423
2023-05-23,27219.61,38700.83858,1854.05,396869.6097
2023-05-25,26473.79,37435.44895,1805.6,350633.0089
2023-05-26,26705.92,35061.18713,1827.79,275690.6854
2023-05-27,26854.27,15095.6867,1829.89,138824.9406
2023-05-28,28065.0,43916.00855,1908.64,378392.4371
2023-05-29,27736.4,42385.41945,1892.6,313593.4942
2023-05-30,27694.4,32686.75371,1900.59,272665.8402
2023-06-01,26817.93,39217.8088,1861.78,270496.6097
2023-06-02,27242.59,36380.90269,1906.68,313004.0658
2023-06-03,27069.22,16595.34117,1892.06,148818.2427
2023-06-05,25728.2,65805.60305,1810.5,555361.2683
2023-06-06,27230.08,68392.60438,1884.64,491407.2174
2023-06-07,26339.34,59619.44364,1832.13,429196.7064
2023-06-08,26498.61,31075.51083,1845.64,189270.4853
2023-06-09,26477.81,27934.7097,1840.37,198324.3252
2023-06-10,25841.21,64944.60108,1751.53,652324.6695
2023-06-11,25925.55,30014.29595,1752.76,219956.2434
2023-06-12,25905.19,29900.50893,1742.57,302132.4819
2023-06-13,25934.25,41065.60853,1740.12,284268.0018
2023-06-14,25128.6,45077.31608,1650.95,415847.327
2023-06-15,25598.49,48664.86063,1666.96,370774.7696
2023-06-16,26345.0,51596.91662,1717.92,311734.5904
2023-06-17,26516.99,27842.2195,1727.76,210914.9216
2023-06-18,26339.97,21538.31022,1720.95,156535.0128
2023-06-19,26844.35,35872.65974,1737.11,245162.7589
2023-06-20,28307.99,69666.95525,1791.99,328855.6846
2023-06-21,29993.89,108926.40412,1889.11,613755.8869
2023-06-22,29884.92,59054.5646,1872.01,416714.5719
2023-06-23,30688.5,73931.89635,1892.63,401147.9324
2023-06-24,30527.43,30513.30135,1874.96,226910.2941
2023-06-26,30267.99,45180.41489,1858.97,458743.861
2023-06-27,30692.44,42699.64157,1889.58,366634.5707
2023-06-28,30077.41,40463.51937,1828.02,337836.5792
2023-06-29,30447.31,36330.62903,1851.99,241844.8281
2023-06-30,30472.0,89419.07618,1933.79,716538.1035
2023-07-01,30585.9,17501.75075,1924.5,178373.3688
2023-07-02,30617.03,23286.41019,1937.48,255852.7832
2023-07-03,31156.2,43761.64311,1955.54,322102.4295
2023-07-05,30504.81,33215.67122,1910.36,267633.4783
2023-07-06,29895.43,71319.6261,1846.17,456362.741
2023-07-07,30344.7,34070.53895,1870.91,232944.3466
2023-07-08,30284.63,13094.59042,1865.24,125819.8273
2023-07-09,30160.71,15388.50196,1862.8,135046.3743
2023-07-10,30411.57,41262.87652,1880.4,247868.1494
2023-07-11,30622.1,28476.83311,1878.3,177771.6117
2023-07-12,30380.0,38108.99669,1871.82,264406.8673
2023-07-13,31454.23,70772.51836,2004.49,548861.4207
2023-07-14,30312.01,60749.48424,1937.83,498724.0359
2023-07-15,30289.52,14118.55329,1931.41,135181.7663
2023-07-16,30231.99,15760.1281,1922.11,148667.1051
2023-07-17,30138.0,30882.76839,1911.2,277159.0349
2023-07-18,29859.13,30003.8601,1897.21,215780.5006
2023-07-19,29909.21,25657.36137,1888.63,218045.0005
2023-07-20,29800.0,37540.68193,1891.59,292907.5164
2023-07-21,29901.72,23881.40865,1891.73,165554.0428
2023-07-22,29794.0,14660.40467,1866.52,131901.6487
2023-07-23,30083.75,18292.78637,1888.73,153501.0178
2023-07-24,29176.5,39628.99691,1850.0,276504.5547
2023-07-25,29228.91,21565.7478,1857.66,152251.21
2023-07-26,29351.96,33931.63366,1872.0,272090.5333
2023-07-27,29222.78,22476.47626,1861.28,163766.4259
2023-07-28,29314.14,23993.61627,1874.19,138695.7147
2023-07-29,29352.9,10851.36844,1880.46,72867.0269
2023-07-30,29281.09,15706.97441,1861.79,158657.5902
2023-07-31,29232.25,22605.48964,1856.14,168204.4534
2023-08-01,29705.99,44719.65162,1873.47,358476.0966
2023-08-02,29186.01,48181.65141,1839.9,254213.0553
2023-08-03,29193.64,26476.91994,1835.81,171148.052
2023-08-04,29113.99,23551.95217,1830.23,187699.4552
2023-08-05,29072.13,11645.52018,1836.48,93657.3255
2023-08-06,29088.42,13178.1972,1830.28,90403.9915
2023-08-07,29211.06,30966.87746,1829.1,224092.9059
2023-08-08,29770.42,45700.53392,1856.3,236336.03
2023-08-09,29581.99,38003.88725,1855.35,191926.8343
2023-08-10,29455.75,23463.45373,1852.47,127321.4553
2023-08-11,29426.03,20637.0443,1848.84,113209.3103
2023-08-12,29430.17,8971.48068,1849.93,63292.6476
2023-08-13,29303.84,11101.70947,1840.73,120674.1364
2023-08-14,29430.93,31443.11532,1845.5,150196.1203
2023-08-15,29200.0,27503.87691,1828.98,186081.6989
2023-08-16,28730.51,32996.69854,1807.81,205430.7368
2023-08-17,26623.41,100271.54033,1681.49,812138.2159
2023-08-18,26054.0,69790.65711,1661.59,538083.1018
2023-08-19,26100.01,26160.75343,1669.67,231919.0485
2023-08-20,26189.99,19056.91209,1685.24,195623.5263
2023-08-21,26126.92,30267.24233,1667.55,250835.1518
2023-08-22,26056.0,34247.06688,1634.99,402012.045
2023-08-23,26432.72,44023.69978,1679.61,374761.1088
2023-08-24,26180.05,30205.22116,1661.16,231539.7805
2023-08-25,26060.01,27753.33772,1653.8,236261.6898
2023-08-26,26017.37,10022.22322,1647.04,79175.425
2023-08-27,26101.77,12099.64216,1658.33,87789.9196
2023-08-28,26120.0,22692.62655,1653.08,214351.0143
2023-08-29,27716.34,74251.99488,1729.42,494371.0823
2023-08-30,27299.99,35448.25848,1705.23,202841.4402
2023-08-31,25940.78,51032.80401,1645.76,330518.2668
2023-09-01,25805.05,41032.15056,1629.12,302406.1686
2023-09-02,25869.51,16250.77698,1637.03,102145.9476
2023-09-03,25971.21,17474.47667,1635.84,116767.2862
2023-09-04,25826.02,21777.59609,1630.51,168010.9056
2023-09-05,25792.1,21323.39337,1634.45,204365.4907
2023-09-06,25759.95,27262.52386,1633.15,219541.0193
2023-09-07,26255.0,27687.49567,1648.11,228558.2782
2023-09-08,25910.5,28999.76471,1636.44,221570.0458
2023-09-09,25901.61,10980.62277,1635.54,58519.6229
2023-09-10,25841.61,18738.26914,1617.42,207957.8428
2023-09-11,25162.52,41682.32,1551.85,417424.8189
2023-09-12,25840.1,56434.38537,1592.97,329739.9685
2023-09-13,26222.0,31610.82753,1607.62,223409.2889
2023-09-15,26600.0,26227.29369,1641.29,181340.024
2023-09-16,26559.67,13960.93351,1634.4,99555.4671
2023-09-17,26527.51,12998.10277,1622.48,120227.4117
2023-09-18,26762.51,43000.43256,1636.66,279041.6978
2023-09-19,27210.26,36190.52187,1643.12,184282.4258
2023-09-20,27125.0,34207.21867,1622.26,232844.2347
2023-09-21,26568.08,34476.82662,1583.94,240627.544
2023-09-22,26580.14,18198.2292,1593.08,124886.091
2023-09-23,26575.96,9440.7026,1593.86,64537.1341
2023-09-24,26248.38,15706.65771,1580.71,137517.8533
2023-09-25,26304.81,26266.2039,1588.33,176706.9277
2023-09-26,26221.67,18495.35066,1594.01,125583.0161
2023-09-27,26372.99,34771.57978,1598.64,274404.4328
2023-09-28,27021.39,44517.83491,1652.99,331409.7015
2023-09-29,26906.96,28478.76219,1667.45,251975.6728
2023-09-30,26962.56,12804.62307,1670.89,136924.9141
2023-10-01,27992.57,24602.81468,1733.79,225611.5868
2023-10-03,27426.46,28928.96555,1656.88,198287.1164
2023-10-04,27778.57,29816.142,1646.58,222861.7167
2023-10-05,27410.39,30681.49619,1611.79,237378.7449
2023-10-06,27931.09,37983.24277,1645.03,220507.9286
2023-10-07,27956.67,13348.83825,1633.57,101241.5732
2023-10-08,27917.05,19693.56921,1632.84,149424.6635
2023-10-09,27590.12,31534.74639,1580.13,340141.0988
2023-10-10,27390.12,22776.84383,1567.63,240659.3287
2023-10-11,26875.52,37349.44706,1566.87,260253.9671
2023-10-12,26759.63,23428.64112,1539.61,237221.4977
2023-10-13,26862.0,24115.76499,1552.16,192205.8736
2023-10-14,26852.48,10417.25576,1554.94,100314.6754
2023-10-16,28500.78,78399.22445,1599.42,418510.8644
2023-10-18,28320.0,32162.47591,1563.44,177750.2253
2023-10-21,29909.8,27517.51897,1628.94,176419.4092
2023-10-22,29992.46,22852.54563,1663.7,228650.9225
2023-10-23,33069.99,93513.64246,1765.46,610931.9663
2023-10-24,33922.73,115265.02418,1784.98,674055.1375
2023-10-25,34496.05,54887.02529,1787.15,354410.8294
2023-10-26,34151.66,39744.66255,1803.38,431169.0453
2023-10-27,33892.02,32330.40106,1779.4,274532.6921
2023-10-28,34081.0,16880.13144,1776.2,122919.7382
2023-10-29,34525.89,20685.52176,1795.14,144110.6508
2023-10-31,34639.77,32737.89822,1814.67,258074.5796
2023-11-01,35421.43,53473.28165,1846.99,471921.6184
2023-11-02,34941.59,48015.57732,1800.8,368738.2193
2023-11-03,34716.78,39071.20644,1832.71,315000.2678
2023-11-04,35062.07,18377.55545,1855.54,171538.0364
2023-11-05,35011.88,24528.73376,1891.71,383106.7628
2023-11-06,35046.09,22346.47086,1900.95,328746.2394
2023-11-07,35399.12,38688.73692,1885.27,332419.4406
2023-11-08,35624.72,33401.34137,1888.12,247881.0997
2023-11-09,36701.09,82537.88885,2121.32,1100330.3237
2023-11-10,37301.63,43414.04898,2077.72,555573.6495
2023-11-11,37130.0,22984.97235,2053.17,370966.0372
2023-11-12,37064.13,17687.18874,2044.68,281907.559
2023-11-13,36462.93,32798.18252,2053.65,529143.5815
2023-11-14,35551.19,45503.68416,1979.39,481909.733
2023-11-15,37858.2,53569.13385,2058.48,421870.8032
2023-11-16,36163.51,47490.39566,1961.77,545286.1297
2023-11-17,36613.92,38283.61112,1960.82,401100.5069
2023-11-18,36568.1,17102.24186,1962.6,279368.2208
2023-11-19,37359.86,21246.34648,2011.47,251132.6192
2023-11-20,37448.78,36022.70291,2021.4,421717.679
2023-11-21,35741.65,47646.54804,1933.01,490163.9863
2023-11-23,37294.28,23827.92882,2062.2,250960.6958
2023-11-24,37713.57,44680.80646,2080.84,426932.5402
2023-11-25,37780.67,11396.14464,2083.09,138847.393
2023-11-26,37447.43,21264.53723,2062.33,241262.9136
2023-11-27,37242.7,30001.07376,2027.5,326073.2298
2023-11-28,37818.87,37544.46667,2048.14,283775.9279
2023-11-29,37854.64,32994.19107,2028.81,254843.7319
2023-11-30,37723.96,24740.29147,2051.96,243680.0921
2023-12-01,38682.52,43415.66324,2087.24,372645.586
2023-12-02,39450.35,26696.92161,2164.74,320979.9768
2023-12-03,39972.26,26710.65335,2192.95,257879.1136
2023-12-04,41991.1,79272.33059,2243.37,565307.7134
2023-12-05,44073.32,67490.74644,2293.33,529829.7214
2023-12-06,43762.69,51431.10492,2232.7,408338.9056
2023-12-07,43273.14,47103.26845,2355.73,485190.0609
2023-12-09,43713.6,24925.97008,2340.49,287771.0664
2023-12-10,43789.51,18956.61758,2352.39,200037.2102
2023-12-11,41253.4,76663.89804,2225.12,640414.9166
2023-12-12,41492.39,42722.69773,2203.46,361588.9087
2023-12-13,42869.03,45865.99773,2260.16,418916.6154
2023-12-14,43022.26,42047.05709,2315.32,409508.0931
2023-12-15,41940.3,33421.7932,2220.5,333552.6328
2023-12-16,42278.03,24118.85747,2228.96,199285.923
2023-12-17,41374.65,27722.11452,2196.52,225925.7675
2023-12-18,42657.8,46734.0925,2219.43,364103.1181
2023-12-19,42275.99,40927.86444,2177.91,383551.4049
2023-12-20,43668.93,48710.2947,2202.17,416841.6272
2023-12-21,43861.8,34624.29384,2239.61,453069.7252
2023-12-22,43969.04,32783.19638,2324.54,591357.488
2023-12-24,42991.5,25144.33496,2264.05,307951.076
2023-12-25,43576.13,27021.23992,2271.35,286277.1616
2023-12-26,42508.93,41010.04282,2230.88,410413.1591
2023-12-27,43428.85,36191.21136,2378.35,541537.3574
2023-12-28,42563.76,35150.52485,2344.15,580459.982
2023-12-29,42066.95,42597.18912,2299.2,450201.2069
2023-12-30,42140.28,22906.57818,2291.68,210539.1327
2023-12-31,42283.58,23585.91603,2281.87,222175.8779
2024-01-01,44179.55,27174.29903,2352.04,216702.6914
2024-01-02,44946.91,65146.40661,2355.34,458041.6642
2024-01-03,42845.23,81194.55173,2209.72,798729.4869
2024-01-04,44151.1,48038.06334,2267.11,448844.055
2024-01-05,44145.11,48075.25327,2268.78,405568.0006
2024-01-06,43968.32,17835.06144,2240.78,194067.8656
2024-01-07,43929.02,23023.8508,2221.42,207138.6927
2024-01-08,46951.04,72814.57589,2330.44,539407.5547
2024-01-09,46110.0,69927.66617,2344.29,551454.9931
2024-01-10,46653.99,89911.41203,2584.38,1038388.666
2024-01-11,46339.16,87470.3296,2618.01,838712.2577
2024-01-12,42782.73,86327.93707,2522.54,887457.7627
2024-01-13,42847.99,36118.47464,2578.19,422061.232
2024-01-14,41732.35,28228.40894,2472.87,306207.7463
2024-01-16,43137.95,45045.74589,2587.4,381077.6247
2024-01-17,42776.1,33266.21388,2530.19,366281.3477
2024-01-18,41327.5,43907.51641,2470.81,452090.1074
2024-01-19,41659.03,48342.74559,2492.0,424209.0029
2024-01-20,41696.04,15923.99493,2472.01,136620.9577
2024-01-21,41580.33,11730.16301,2457.05,122572.1687
2024-01-22,39568.02,55426.19911,2314.2,526337.6492
2024-01-23,39897.6,57956.63351,2242.6,700105.3314
2024-01-25,39961.09,31022.11853,2218.64,330426.6061
2024-01-26,41823.51,47384.96726,2267.68,363566.4255
2024-01-27,42120.63,16224.41667,2267.94,145109.3836
2024-01-29,43302.7,31542.74207,2317.6,305528.0776
2024-01-30,42941.1,37619.24546,2343.01,372879.5791
2024-02-01,43082.94,35231.04664,2304.28,310997.4538
2024-02-02,43200.0,29672.14418,2309.06,238230.511
2024-02-03,43011.09,12033.40998,2296.49,133232.845
2024-02-04,42582.88,17066.89404,2289.79,171232.0444
2024-02-05,42708.7,29467.75905,2301.83,236610.412
2024-02-06,43098.95,24675.85433,2372.64,368942.7498
2024-02-07,44349.6,34392.59915,2425.1,342791.7013
2024-02-08,45288.65,45439.62231,2419.55,338040.0539
2024-02-09,47132.77,73503.481,2486.56,492384.385
2024-02-10,47751.09,24802.35936,2500.24,185099.59
2024-02-11,48299.99,29958.80837,2507.21,219975.1471
2024-02-12,49917.27,59009.96705,2659.99,449501.776
2024-02-13,49699.59,55551.56706,2639.99,502447.745
2024-02-16,52124.11,37772.25318,2801.8,378070.8037
2024-02-17,51642.64,25674.00622,2785.93,243302.8759
2024-02-18,52137.67,21992.10363,2881.2,367987.8833
2024-02-19,51774.73,29534.99432,2944.8,446451.0401
2024-02-20,52258.82,49614.47318,3014.81,634681.7471
2024-02-21,51849.39,43079.40049,2967.9,595955.0033
2024-02-22,51288.42,35309.44574,2971.4,563525.9936
2024-02-23,50744.15,30545.79544,2922.24,428826.5787
2024-02-24,51568.22,16560.4211,2992.62,243854.0783
2024-02-25,51728.85,18721.63159,3112.59,412306.2237
2024-02-26,54476.47,51256.72199,3175.94,546722.7747
2024-02-27,57037.34,67194.98562,3242.36,625939.1221
2024-02-28,62432.1,118763.46984,3383.1,947538.766
2024-02-29,61130.98,78425.07603,3340.09,759698.1123
2024-03-01,62387.9,47737.93473,3433.43,412788.5773
2024-03-02,61987.28,25534.73659,3421.4,283984.9448
2024-03-03,63113.97,28994.90903,3487.81,341631.531
2024-03-04,68245.71,84835.16005,3627.76,715360.6361
2024-03-05,63724.01,132696.7813,3553.65,1392904.864
2024-03-06,66074.04,78738.85491,3818.59,969494.71
2024-03-07,66823.17,53059.8869,3868.76,540780.675
2024-03-08,68124.19,74261.932842,3883.36,646399.2589
2024-03-09,68313.27,19872.89743,3905.21,254839.1386
2024-03-10,68955.88,38404.66835,3878.47,356664.68
2024-03-11,72078.1,75292.825726,4064.8,721554.5139
2024-03-13,73072.41,52659.711647,4004.79,482305.7766
2024-03-14,71388.94,71757.628746,3881.7,648237.5245
2024-03-15,69499.85,103334.03546,3742.19,947537.4071
2024-03-16,65300.63,55926.95336,3523.09,548288.1569
2024-03-17,68393.48,49742.21589,3644.71,517790.9936
2024-03-18,67609.99,55691.08088,3520.46,570901.2851
2024-03-19,61937.4,101005.32487,3158.64,1049629.6936
2024-03-20,67840.51,90420.58592,3516.53,1207322.8201
2024-03-22,63796.64,51482.37821,3336.35,558848.888
2024-03-23,63990.01,26410.11409,3329.53,323675.9448
2024-03-25,69880.01,53431.14486,3590.42,548577.6942
2024-03-26,69988.0,38934.38417,3587.33,499013.8384
2024-03-28,70780.6,35439.03239,3560.49,404654.0311
2024-03-30,69582.18,13644.61142,3505.64,216025.2634
2024-03-31,71280.01,19396.34433,3645.29,243464.9877
2024-04-02,65463.99,71799.82793,3278.96,623264.6476
2024-04-03,65963.28,39887.21778,3310.83,410484.1933
2024-04-04,68487.79,41510.48453,3327.4,356338.5716
2024-04-05,67820.62,37915.23073,3317.85,344556.7983
2024-04-06,68896.0,20134.28919,3351.59,183312.2125
2024-04-07,69360.39,21534.74433,3454.2,210459.0752
2024-04-08,71620.0,45723.87624,3694.61,496841.3532
2024-04-09,69146.0,39293.90242,3506.39,457592.252
2024-04-10,70631.08,42006.02377,3545.64,389404.9055
2024-04-11,70006.23,31917.25595,3502.52,338139.5534
2024-04-12,67116.52,56072.86229,3237.43,697327.1174
2024-04-13,63924.51,71395.22019,3007.01,994971.2354
2024-04-14,65661.84,61599.17818,3155.11,737580.4666
2024-04-15,63419.99,52389.53069,3101.99,605430.8863
2024-04-16,63793.39,53435.29331,3084.22,526113.855
2024-04-17,61277.37,50610.54509,2985.41,491897.5661
2024-04-18,63470.08,43601.60918,3064.4,389060.7133
2024-04-19,63818.01,69774.30271,3056.46,607850.4019
2024-04-20,64940.59,23137.42975,3155.79,242577.6371
2024-04-21,64941.15,19316.42152,3147.67,219970.5072
2024-04-22,66819.32,31397.99371,3200.2,290879.9569
2024-04-23,66414.0,22599.90004,3219.46,253914.2263
2024-04-24,64289.59,33595.69637,3140.8,393314.3414
2024-04-25,64498.34,31341.46338,3155.8,352288.5502
2024-04-26,63770.01,27085.19346,3131.3,252522.655
2024-04-27,63461.98,20933.06052,3255.56,323811.1919
2024-04-28,63118.62,16949.20005,3263.45,304766.009
2024-04-29,63866.0,28150.22947,3216.73,421831.2912
2024-04-30,60672.0,54947.65535,3014.05,561717.4866
2024-05-01,58364.97,81166.46823,2972.46,624963.7773
2024-05-02,59060.61,47583.81961,2986.19,365939.7191
2024-05-03,62882.01,43628.40143,3102.61,355825.8391
2024-05-04,63892.04,24368.69282,3117.23,196263.9488
2024-05-06,63165.19,34674.91949,3062.6,355135.3027
2024-05-08,61193.03,26121.19004,2974.21,266934.8125
2024-05-09,63074.01,30660.8061,3036.23,238561.7462
2024-05-10,60799.99,36529.34025,2909.99,327855.8758
2024-05-11,60825.99,13374.56936,2912.45,138163.1087
2024-05-12,61483.99,12753.13236,2929.29,107670.6323
2024-05-13,62940.08,32733.41839,2950.99,368664.7648
2024-05-14,61577.49,29088.72041,2881.93,269675.3037
2024-05-15,66206.5,43559.74719,3032.55,350254.3188
2024-05-16,65235.21,31106.3671,2944.7,293874.1513
2024-05-17,67024.0,26292.23409,3092.01,357724.7731
2024-05-18,66915.2,14441.25774,3122.94,199976.5456
2024-05-19,66274.01,18025.30409,3071.19,166145.0102
2024-05-20,71446.62,50816.7011,3661.78,847107.8828
2024-05-21,70148.34,49607.4336,3789.6,952437.2694
2024-05-22,69166.62,27673.18026,3737.73,574938.3099
2024-05-23,67969.65,40513.17374,3783.61,1127866.076
2024-05-24,68549.99,28095.83664,3728.28,479418.4318
2024-05-25,69290.57,12130.39418,3749.26,158711.8992
2024-05-26,68507.67,11872.11797,3826.47,292208.2937
2024-05-30,68352.17,28478.2184,3747.91,277034.2894
2024-05-31,67540.01,26690.32184,3762.29,273406.766
2024-06-01,67766.85,8837.66133,3815.82,132687.2006
2024-06-02,67765.63,15426.32529,3780.91,210295.4407
2024-06-03,68809.9,29633.374,3767.06,248848.702
2024-06-04,70537.84,29619.78489,3810.23,232063.7468
2024-06-05,71108.0,28703.18082,3865.99,273738.6035
2024-06-06,70799.06,21842.00449,3813.46,237504.1905
2024-06-07,69355.6,35598.45045,3678.32,362223.3594
2024-06-09,69648.14,9890.56709,3706.4,103451.102
2024-06-10,69540.0,17122.66941,3667.85,156363.1846
2024-06-11,67314.24,41436.01588,3497.33,439568.5978
2024-06-12,68263.99,37175.32356,3560.12,387043.774
2024-06-13,66773.01,29079.55571,3469.4,300230.8299
2024-06-14,66043.99,28408.18797,3481.8,322316.4214
2024-06-15,66228.25,11451.80242,3568.74,246649.5894
2024-06-16,66676.87,9392.52223,3624.41,149839.982
2024-06-17,66504.33,27386.16851,3511.46,337805.6402
2024-06-18,65175.32,42350.10244,3483.42,449913.3014
2024-06-19,64974.37,20060.79576,3560.51,321500.0027
2024-06-20,64869.99,24265.29031,3513.08,329117.8453
2024-06-21,64143.56,25993.56442,3518.5,342155.102
2024-06-22,64262.01,7308.95542,3495.75,115774.6157
2024-06-23,63210.01,8224.45447,3420.91,133411.4304
2024-06-24,60293.3,52161.35414,3352.73,543370.4229
2024-06-25,61806.01,31189.24361,3394.91,240036.2236
2024-06-26,60864.99,22485.66463,3371.44,206949.3418
2024-06-27,61706.47,18344.28631,3450.44,201041.6609
2024-06-28,60427.84,24821.19255,3380.15,221634.3435
2024-06-29,60986.68,11509.55904,3378.8,88329.7651
2024-07-01,62899.99,24547.10538,3442.2,224273.2122
2024-07-02,62135.47,18573.11875,3421.35,137932.7014
2024-07-03,60208.58,32160.11127,3295.48,310408.451
2024-07-04,57050.01,54568.77276,3059.7,450402.5692
2024-07-05,56628.79,81348.24756,2981.78,886994.3753
2024-07-06,58230.13,21651.31558,3066.83,214487.9713
2024-07-07,55857.81,19118.93918,2931.0,179892.7612
2024-07-08,56714.62,48090.2049,3019.01,500445.0105
2024-07-09,58050.0,27732.20788,3066.65,280358.1424
2024-07-10,57725.85,24951.73799,3101.05,270827.0844
2024-07-11,57339.89,29761.05735,3099.57,289229.32
2024-07-12,57889.1,23652.4569,3133.88,185745.1825
2024-07-13,59204.02,15357.74519,3175.93,119302.4769
2024-07-14,60797.91,21178.33907,3245.08,165430.7716
2024-07-15,64724.14,38690.9782,3483.39,314296.8452
2024-07-16,65043.99,42530.52915,3444.13,376128.7869
2024-07-17,64087.99,29567.52954,3387.05,297812.5162
2024-07-18,63987.92,22568.7225,3426.5,241950.3457
2024-07-19,66660.0,35634.72739,3503.53,299511.6422
2024-07-20,67139.96,14386.92434,3517.5,147510.8165
2024-07-21,68165.34,21819.11191,3535.92,218890.9656
2024-07-22,67532.01,21451.04303,3439.6,207859.5043
2024-07-23,65936.01,31406.15316,3482.51,500568.7811
2024-07-24,65376.0,23082.56277,3335.81,275479.0506
2024-07-25,65799.95,35126.42934,3175.48,494282.6398
2024-07-26,67907.99,24244.36023,3274.61,260237.4641
2024-07-27,67896.5,31710.21921,3249.01,231991.9037
2024-07-28,68249.88,10868.69394,3270.16,103529.8329
2024-07-29,66784.69,36467.29633,3317.66,318471.5055
2024-07-30,66188.0,23132.25441,3279.21,197277.1641
2024-07-31,64628.0,22625.43905,3232.74,233711.3352
2024-08-01,65354.02,35542.26854,3203.4,323285.6105
2024-08-02,61498.33,38820.42937,2989.61,385704.0395
2024-08-03,60697.99,28034.71567,2903.64,344595.3157
2024-08-05,54018.81,162065.59186,2419.59,2670604.1003
2024-08-06,56022.01,55884.77676,2461.33,642283.8038
2024-08-07,55134.16,44269.37684,2342.8,630115.4228
2024-08-08,61685.99,48349.52949,2682.5,586502.8754
2024-08-09,60837.99,30972.48017,2598.78,406739.9611
2024-08-11,58712.59,19189.84512,2555.38,297098.9145
2024-08-12,59346.64,37009.91743,2722.3,483414.2506
2024-08-13,60587.15,27858.95851,2702.44,325668.6964
2024-08-14,58683.39,28422.76326,2661.45,338808.7141
2024-08-15,57541.06,37686.17622,2569.89,356546.8059
2024-08-16,58874.6,27610.84344,2592.73,270684.1373
2024-08-17,59491.99,7721.72931,2614.51,89348.676
2024-08-18,58427.35,13634.85717,2612.15,174074.0585
2024-08-19,59438.5,22809.31251,2636.36,224867.1336
2024-08-20,59013.8,31477.44548,2572.82,281315.8751
2024-08-21,61156.03,27983.6422,2630.71,245286.6218
2024-08-22,60375.84,21241.20588,2622.88,199063.1196
2024-08-23,64037.24,38118.07089,2762.48,401786.4447
2024-08-24,64157.01,15857.15616,2768.0,263542.9441
2024-08-25,64220.0,12305.47977,2746.13,154527.2352
2024-08-26,62834.0,19470.05276,2680.49,211708.1247
2024-08-27,59415.0,35135.94178,2457.33,412660.7197
2024-08-28,59034.9,36868.54275,2528.33,451266.634
2024-08-29,59359.01,27020.90743,2527.61,237002.9632
2024-08-30,59123.99,28519.32195,2526.0,338379.1941
2024-08-31,58973.99,8798.409,2513.01,97946.1147
2024-09-01,57301.86,20705.15741,2425.72,223127.776
2024-09-02,59132.13,22895.01461,2538.01,262632.8385
2024-09-03,57487.73,22828.18447,2425.29,224793.1299
2024-09-04,57970.9,35560.82146,2450.71,384179.3854
2024-09-05,56180.0,27806.91413,2368.81,278549.0969
2024-09-06,53962.97,54447.76826,2225.23,643027.111
2024-09-07,54160.86,16694.04774,2273.58,219453.2076
2024-09-08,54869.95,16274.14779,2297.3,192775.6493
2024-09-09,57042.0,32384.51737,2359.5,321698.99
2024-09-10,57635.99,23626.78126,2388.52,224382.1729
2024-09-12,58132.32,31074.40631,2361.76,202611.1308
2024-09-13,60498.0,29825.23333,2439.19,253888.616
2024-09-14,59993.03,12137.90901,2417.79,122931.2302
2024-09-15,59132.0,13757.92361,2316.1,174364.1946
2024-09-16,58213.99,26477.5642,2295.68,330555.232
2024-09-17,60313.99,33116.25878,2341.8,274206.2588
2024-09-18,61759.99,36087.02469,2374.75,292917.6008
2024-09-19,62947.99,34332.52608,2465.21,326746.032
2024-09-20,63201.05,25466.37794,2561.4,340754.5912
2024-09-21,63348.96,8375.34608,2612.4,154757.8773
2024-09-22,63578.76,14242.19892,2581.0,214266.3257
2024-09-23,63339.99,24078.05287,2646.97,333282.0149
2024-09-24,64262.7,23185.04759,2653.2,288600.0402
2024-09-25,63152.01,17813.11168,2579.95,220343.4293
2024-09-27,65769.95,22048.80487,2694.43,281826.9792
2024-09-28,65858.0,9127.23316,2675.21,137230.0342
2024-09-29,65602.01,8337.74111,2657.62,160554.3146
2024-09-30,63327.59,30011.08752,2602.23,282475.7961
2024-10-01,60805.78,43671.48108,2447.79,502828.6804
2024-10-02,60649.28,31534.70118,2364.1,317484.735
2024-10-03,60752.71,26221.43472,2349.8,314635.9263
2024-10-05,62058.0,7807.46141,2414.66,103740.2316
2024-10-06,62819.91,8906.86177,2440.03,105752.7096
2024-10-07,62224.0,25966.1852,2422.71,300459.5407
2024-10-08,62160.49,19702.22371,2440.89,201358.3312
2024-10-09,60636.02,20011.15684,2370.47,242082.2725
2024-10-10,60326.39,23967.92481,2386.49,257862.9619
2024-10-11,62540.0,23641.35209,2439.5,235441.2197
2024-10-12,63206.22,10911.30116,2476.4,139637.5062
2024-10-13,62870.02,11909.21995,2468.91,120022.8179
2024-10-14,66083.99,37669.95222,2629.79,435900.1619
2024-10-15,67074.14,43683.95423,2607.41,416285.6663
2024-10-16,67620.01,29938.25544,2611.1,260322.4242
2024-10-17,67421.78,25328.22861,2605.8,221624.5434
2024-10-18,68428.0,28725.635,2642.17,292444.1153
2024-10-19,68378.0,8193.66737,2648.2,105413.7646
2024-10-20,69031.99,12442.47378,2746.91,256910.7448
2024-10-21,67377.5,31374.42184,2666.7,310674.7232
2024-10-22,67426.0,24598.96268,2622.81,265747.713
2024-10-23,66668.65,25530.2407,2524.61,352647.7086
2024-10-24,68198.28,22589.83877,2535.82,290851.7842
2024-10-25,66698.33,34479.71125,2440.62,514799.8822
2024-10-26,67092.76,11842.9077,2482.51,248724.8313
2024-10-27,68021.7,8653.19592,2507.8,137580.8836
2024-10-28,69962.21,29046.75459,2567.48,360605.327
2024-10-29,72736.42,50128.60594,2638.8,451915.7025
2024-10-30,72344.74,26885.99056,2659.19,460627.126
2024-10-31,70292.01,29352.10297,2518.61,403427.2017
2024-11-01,69496.01,38301.86755,2511.49,430249.1073
2024-11-02,69374.74,10521.67243,2494.23,145961.13
2024-11-03,68775.99,24995.70243,2457.73,276009.1197
2024-11-04,67850.01,29800.39187,2398.21,306316.9645
2024-11-05,69372.01,33355.06888,2422.55,331619.2545
2024-11-06,75571.99,104126.994787,2721.87,1002141.3618
2024-11-07,75857.89,44869.422345,2895.47,730845.9524
2024-11-08,76509.78,36521.099583,2961.75,568864.435
2024-11-09,76677.46,16942.07915,3126.21,526719.4212
2024-11-11,88647.99,82323.665776,3371.59,1000093.9664
2024-11-12,87952.01,97299.887911,3243.8,973215.7285
2024-11-13,90375.2,86763.854127,3187.16,919686.3747
2024-11-14,87325.59,56729.51086,3058.82,605780.6662
2024-11-15,91032.07,47927.95068,3090.01,519623.6317
2024-11-16,90586.92,22717.87689,3132.87,423639.1573
2024-11-17,89855.99,23867.55609,3076.0,449818.9575
2024-11-18,90464.08,46545.03448,3207.8,640658.4357
2024-11-20,94286.56,42203.198712,3069.97,503607.8336
2024-11-21,98317.12,69228.360477,3355.81,974923.3035
2024-11-22,98892.0,46189.309243,3327.78,603273.7093
2024-11-23,97672.4,24757.84367,3393.91,721024.0009
2024-11-24,97900.04,31200.97838,3361.2,479098.0921
2024-11-26,91965.16,57858.73138,3324.73,672367.1503
2024-11-28,95643.98,28814.54357,3578.79,560976.425
2024-11-29,97460.0,27701.78231,3592.21,425493.2449
2024-11-30,96407.99,14503.83306,3703.6,503684.7485
2024-12-01,97185.18,16938.60452,3707.61,429089.2633
2024-12-02,95840.62,37958.66981,3643.42,737130.569
2024-12-03,95849.69,35827.32283,3614.51,678400.2032
2024-12-04,98587.32,43850.53728,3837.8,968744.0399
2024-12-05,96945.63,109921.729662,3785.2,946493.276
2024-12-06,99740.84,45049.5331,3998.87,803855.1146
2024-12-07,99831.99,14931.9459,3996.22,283920.02
2024-12-08,101109.59,14612.99688,4004.15,251362.1685
2024-12-09,97276.47,53949.11595,3712.0,939642.2001
2024-12-10,96593.0,51708.68933,3628.25,942206.0337
2024-12-11,101125.0,37753.78291,3831.81,461818.7801
2024-12-12,100004.29,29232.08745,3881.61,572098.6343
2024-12-13,101424.25,21904.03923,3906.8,387765.6873
2024-12-14,101420.0,14191.70326,3870.29,265538.9479
2024-12-15,104463.99,22228.921775,3959.09,253833.2141
2024-12-16,106058.66,41302.40274,3986.24,673351.0723
2024-12-19,97461.86,55147.398,3417.01,1078153.4851
2024-12-20,97805.44,62884.1357,3472.21,1332783.731
2024-12-21,97291.99,23483.54143,3338.92,475275.82
2024-12-22,95186.27,19353.83036,3281.83,361920.2495
2024-12-23,94881.47,32810.76703,3422.53,488253.41
2024-12-24,98663.58,23674.22488,3493.18,315723.6763
2024-12-25,99429.6,14474.1651,3497.0,219846.0452
2024-12-27,94299.03,26501.26429,3333.51,342529.6038
2024-12-28,95300.0,8385.8929,3404.0,175963.613
2024-12-29,93738.2,13576.00578,3356.48,156256.8819
2024-12-30,92792.05,27619.4225,3361.84,420794.6476
2024-12-31,93576.0,19612.03389,3337.78,303053.1685
2025-01-01,94591.79,10373.32613,3360.38,190238.5861
2025-01-02,96984.79,21970.48948,3455.67,338632.8874
2025-01-03,98174.18,15253.82936,3609.01,334041.0604
2025-01-04,98220.5,8990.05651,3656.88,229266.3133
2025-01-05,98363.61,8095.63723,3635.99,155444.1741
2025-01-06,102235.6,25263.43375,3687.45,329642.3648
2025-01-07,96954.61,32059.87537,3381.31,541543.2874
2025-01-08,95060.61,33704.67894,3327.29,584749.9627
2025-01-09,92552.49,34544.83685,3219.2,501818.4247
2025-01-10,94726.11,31482.86424,3267.04,454142.1333
2025-01-11,94599.99,7047.9043,3282.83,151679.7487
2025-01-13,94536.1,42619.56423,3137.51,845907.5669
2025-01-14,96560.86,27846.61753,3225.63,374308.4517
2025-01-15,100497.35,30509.99179,3451.52,464188.034
2025-01-16,99987.3,27832.85317,3308.05,471282.6787
2025-01-17,104077.48,39171.85292,3473.63,518550.1813
2025-01-18,104556.23,24307.82998,3307.71,634197.1281
2025-01-20,102260.01,89529.231732,3284.0,1158354.7814
2025-01-21,106143.82,45941.02002,3327.54,548706.0513
2025-01-22,103706.66,22248.69254,3242.6,349240.7498
2025-01-23,103910.34,53953.12031,3338.21,605592.7225
2025-01-24,104870.5,23609.24017,3310.09,451524.2752
2025-01-25,104746.85,9068.32377,3318.77,208559.0415
2025-01-26,102620.0,9812.51238,3232.61,272165.469
2025-01-27,102082.83,50758.1341,3182.44,753004.7529
2025-01-28,101335.52,22022.05765,3077.72,350959.7173
2025-01-29,103733.24,23155.35802,3113.9,409737.2576
2025-01-30,104722.94,19374.07472,3247.39,350639.4823
2025-01-31,102429.56,21983.18193,3300.99,648681.6561
2025-02-01,100635.65,12290.95747,3117.54,354065.2525
2025-02-02,97700.59,34619.49939,2869.68,1050805.93
2025-02-03,101328.52,75164.7385,2879.9,2807979.021
2025-02-04,97763.13,40267.98697,2731.19,1259594.3919
2025-02-05,96612.43,26233.30444,2788.25,686593.0429
2025-02-06,96554.35,23515.20405,2686.64,719459.9571
2025-02-07,96506.8,31794.22065,2622.1,695467.3612
2025-02-08,96444.74,10147.24294,2632.46,379685.1509
2025-02-09,96462.75,14120.91613,2627.18,387166.7911
2025-02-10,97430.82,20572.87537,2661.19,398173.2716
2025-02-11,95778.2,18647.76379,2602.59,484196.1435
2025-02-12,97869.99,29151.16625,2738.27,646295.8959
2025-02-13,96608.14,19921.77616,2675.87,443769.2853
2025-02-14,97500.48,18173.02646,2725.95,419895.7862
2025-02-15,97569.66,7349.37683,2693.04,202971.4295
2025-02-16,96118.12,8191.4249,2661.41,191231.5314
2025-02-17,95780.0,16492.0451,2744.05,639739.8197
2025-02-18,95671.74,23368.19471,2671.99,604863.8737
2025-02-19,96644.37,16438.50954,2715.5,326154.0202
2025-02-20,98305.0,17057.39177,2738.04,336735.2544
2025-02-21,96181.98,32249.2814,2663.0,890440.0604
2025-02-22,96551.01,11268.17708,2763.22,444989.6669
2025-02-23,96258.0,10884.84913,2819.69,611002.1222
2025-02-24,91552.88,31550.10299,2513.52,876876.3707
2025-02-25,88680.4,78333.11111,2495.7,1322016.8718
2025-02-26,84250.09,56893.54409,2336.37,863087.2133
2025-02-27,84708.58,42505.45439,2307.72,637583.9106
2025-02-28,84349.94,83648.03969,2237.59,1291539.0557
2025-03-01,86064.53,25785.05464,2217.39,446430.7271
2025-03-02,94270.0,54889.09045,2518.11,1266684.7748
2025-03-03,86220.61,59171.10218,2149.01,1109565.2003
2025-03-04,87281.98,55609.10706,2171.51,1257822.3372
2025-03-05,90606.01,38264.01163,2241.59,687130.7897
2025-03-06,89931.89,34342.44902,2202.2,596908.3935
2025-03-07,86801.75,57980.35713,2141.6,782387.2606
2025-03-08,86222.45,12989.23054,2203.58,328793.0979
2025-03-09,80734.37,26115.39345,2020.41,601671.5882
2025-03-10,78595.86,47633.38405,1865.1,1248745.3514
2025-03-11,82932.99,48770.06853,1923.43,1171427.9995
2025-03-12,83680.12,31933.986,1908.2,788739.6763
2025-03-13,81115.78,27546.27412,1864.59,569537.2622
2025-03-14,83983.2,26858.52755,1911.65,375805.7355
2025-03-16,82574.53,17596.12531,1887.0,324766.6564
2025-03-17,84010.03,17214.74358,1926.31,334840.4877
2025-03-18,82715.03,17610.89883,1931.54,332896.0155
2025-03-19,86845.94,28151.05374,2056.06,691809.5034
2025-03-20,84223.39,22090.30463,1983.79,401518.9282
2025-03-21,84088.79,11956.97443,1965.75,262641.659
2025-03-24,87498.16,30115.62111,2081.2,477912.8154
2025-03-25,87392.87,22643.25248,2066.15,328765.3292
2025-03-26,86909.17,18408.78485,2009.52,428975.3286
2025-03-27,87232.01,17098.03897,2003.66,360634.8383
2025-03-28,84424.38,27182.73169,1896.9,626167.5832
2025-03-29,82648.54,11696.39864,1828.08,409769.7555
2025-03-31,82550.01,20569.13885,1822.43,497854.9052
2025-04-01,85158.34,20190.39697,1904.98,452989.0974
2025-04-02,82516.29,39931.457,1795.22,750840.7823
2025-04-03,83213.09,27337.84135,1817.23,508075.018
2025-04-04,83889.87,32915.53976,1816.87,572734.4702
2025-04-05,83537.99,9360.40468,1806.01,201716.2696
2025-04-06,78430.0,27942.71436,1580.76,979847.0958
2025-04-07,79163.24,78387.53089,1553.04,2168796.0067
2025-04-08,76322.42,35317.32063,1473.41,891846.1327
2025-04-09,82615.22,75488.28772,1669.51,1968530.9138
2025-04-10,79607.3,33284.80718,1522.25,911855.3934
2025-04-11,83423.84,34435.43797,1566.85,578484.3183
2025-04-12,85276.9,18470.74437,1644.18,501867.9033
2025-04-13,83760.0,24680.04181,1597.76,580136.6145
2025-04-14,84591.58,28659.09348,1623.77,645930.1419
2025-04-15,83643.99,20910.99528,1588.78,476178.8915
2025-04-16,84030.38,20867.24519,1577.14,611387.8686
2025-04-17,84947.91,13728.84772,1583.62,449870.3628
2025-04-18,84474.69,6529.96315,1588.6,200409.0359
2025-04-20,85179.24,8091.67725,1587.36,276052.2306
2025-04-21,87516.23,31773.37262,1579.57,691486.6667
2025-04-22,93442.99,43872.74705,1756.26,1103036.9586
2025-04-23,93691.08,27404.16808,1795.07,887545.6316
2025-04-24,93980.47,19497.06071,1769.65,483465.0385
2025-04-25,94638.68,27500.66648,1784.6,595610.8894
2025-04-26,94628.0,9415.06875,1820.88,355068.0442
2025-04-27,93749.3,11162.841,1791.29,340332.6435
2025-04-28,95011.18,22157.53351,1799.88,587269.743
2025-04-29,94256.82,16955.3402,1797.81,480456.3884
2025-04-30,94172.0,17661.2751,1793.61,473523.9877
2025-05-01,96489.91,21380.45343,1838.11,537198.7291
2025-05-02,96887.14,14905.74811,1842.2,410667.875
2025-05-03,95856.42,9723.34838,1833.52,213751.5979
2025-05-04,94277.62,11036.38342,1808.86,238254.3564
2025-05-06,96834.02,16122.64513,1817.0,384584.2451
2025-05-07,97030.5,16644.83854,1811.11,456170.0705
2025-05-08,103261.6,34962.02847,2207.39,1473152.686
2025-05-09,102971.99,27617.39907,2345.04,1667041.0382
2025-05-10,104809.53,15324.78611,2583.23,979350.1606
2025-05-11,104118.0,17987.12197,2514.57,831584.3888
2025-05-12,102791.32,31272.77792,2495.47,1068680.9433
2025-05-13,104103.72,21253.42409,2679.71,1031355.6465
2025-05-14,103507.82,16452.9081,2609.74,830047.1122
2025-05-15,103763.71,17998.98604,2548.69,768954.0332
2025-05-16,103463.9,15683.88024,2537.12,605953.6919
2025-05-17,103126.65,11250.89622,2475.08,494333.2782
2025-05-18,106454.26,21599.98726,2497.78,810103.1851
2025-05-19,105573.74,30260.03524,2528.14,861747.523
2025-05-20,106849.99,23705.48275,2524.19,676989.1747
2025-05-21,109643.99,45531.040345,2550.99,1095890.2902
2025-05-22,111696.21,31630.77313,2664.82,852555.6669
2025-05-23,107318.3,31737.72309,2526.5,971442.4532
2025-05-24,107761.91,16782.53129,2530.4,257544.2344
2025-05-25,109004.19,17710.04695,2551.22,359890.0299
2025-05-26,109434.79,14649.11593,2563.7,362971.1182
2025-05-27,108938.17,21276.65635,2660.81,798430.8862
2025-05-28,107781.78,15633.78829,2681.6,560095.6833
2025-05-29,105589.75,19834.70116,2631.39,811567.2545
2025-05-30,103985.48,23706.49799,2531.34,763045.2564
2025-05-31,104591.88,11289.35922,2528.06,394537.2521
2025-06-02,105857.99,13453.98813,2607.41,468889.9737
2025-06-04,104696.86,14034.89482,2607.68,502494.8214
2025-06-05,101508.68,22321.50154,2414.01,808938.0344
2025-06-06,104288.44,15839.07385,2476.1,578843.4974
2025-06-07,105552.15,8344.93206,2524.63,264787.6743
2025-06-08,105734.0,8048.06305,2509.83,266474.7139
2025-06-09,110263.02,19975.37451,2680.13,568726.3025
2025-06-10,110274.39,17071.82839,2816.4,1138405.4775
2025-06-11,108645.12,13115.91638,2771.61,850210.9324
2025-06-12,105671.73,17778.67218,2642.65,699593.3757
2025-06-13,106066.59,26180.81734,2579.19,1202176.2972
2025-06-14,105414.64,8798.93969,2530.76,331438.9278
2025-06-15,105594.01,7164.20047,2547.61,299701.6624
2025-06-16,106794.53,14922.6654,2544.17,680429.988
2025-06-17,104551.17,17866.33025,2509.95,715930.4081
2025-06-18,104886.78,13968.64167,2525.0,504532.1818
2025-06-19,104658.59,7678.60737,2521.12,252646.059
2025-06-20,103297.99,16419.06283,2406.49,632027.8235
2025-06-21,102120.01,11154.21332,2295.73,496783.864
2025-06-22,100963.87,28746.41072,2227.7,840155.8295
2025-06-23,105333.93,27666.50609,2411.66,744583.8003
2025-06-24,106083.0,14651.69335,2448.45,516760.6621
2025-06-25,107340.58,16701.15551,2418.49,414894.7387
2025-06-26,106947.06,10573.27279,2415.96,463704.0261
2025-06-28,107296.79,3282.17352,2435.62,155814.9859
2025-06-29,108356.93,6831.7364,2500.09,284291.8057
2025-06-30,107146.5,9754.12491,2485.47,440455.714
2025-07-01,105681.14,10505.62437,2405.01,351951.0868
2025-07-03,109584.78,13047.08225,2591.25,504943.6592
2025-07-04,107984.24,11793.86615,2508.04,452593.02
2025-07-05,108198.12,3736.9757,2516.41,157198.0958
2025-07-06,109203.84,6447.607,2570.35,277593.6319
2025-07-07,108262.94,9405.37601,2542.29,315707.5272
2025-07-08,108922.98,9216.0208,2615.25,370915.7321
2025-07-09,111233.99,17282.2865,2768.74,686119.3772
2025-07-10,116010.0,24883.450665,2951.29,951896.07
2025-07-11,117527.66,25873.521148,2958.22,906839.1689
2025-07-12,117420.0,8446.60437,2943.28,348884.8877
2025-07-13,119086.64,9550.792947,2972.03,357333.5016
2025-07-14,119841.18,27269.348877,3013.62,815552.6496
2025-07-15,117758.09,32018.46083,3137.89,863583.7377
2025-07-16,118630.43,17039.90851,3371.35,1135950.5831
2025-07-17,119177.56,15728.57651,3476.87,974065.8264
2025-07-19,117840.0,6635.80306,3592.01,381791.9213
2025-07-21,117380.36,17107.33128,3762.33,812074.0534
2025-07-22,119954.42,20959.12973,3746.21,870127.3864
2025-07-23,118755.99,14558.75083,3628.29,800259.4025
2025-07-24,118340.99,15806.89043,3706.94,749459.495
2025-07-25,117614.31,38406.34873,3724.96,764606.7261
2025-07-26,117919.99,6991.67206,3741.1,407259.7024
2025-07-27,119415.55,9328.30919,3872.1,457352.4605
2025-07-28,118062.32,13961.74754,3799.0,620994.7463
2025-07-29,117950.76,15137.93445,3793.79,584210.4393
2025-07-30,117840.3,15586.73631,3810.0,525424.9003
2025-07-31,115764.08,17010.0073,3698.39,516088.4503
2025-08-01,113297.93,24487.10206,3488.2,783869.1517
2025-08-02,112546.35,11507.33428,3393.94,494195.7094
2025-08-03,114208.8,7397.76046,3496.74,296347.6758
2025-08-04,115055.03,9667.67916,3720.99,463349.9861
2025-08-05,114129.75,12042.79078,3612.0,489070.9589
2025-08-06,114992.27,9761.15318,3683.31,365309.9205
2025-08-07,117472.01,13468.56263,3910.31,631678.9872
2025-08-08,116674.74,10045.31278,4009.5,723300.0109
2025-08-09,116462.25,9514.13144,4260.62,691932.1048
2025-08-10,119294.01,14322.77073,4250.57,494843.8105
2025-08-11,118686.0,26494.33429,4223.22,722664.04
2025-08-12,120134.08,16720.10893,4590.52,885288.0652
2025-08-14,118295.09,27980.947586,4546.84,1265449.0453
2025-08-15,117342.05,13623.33874,4439.47,880409.2591
2025-08-17,117405.01,5898.64192,4472.33,442461.3829
2025-08-18,116227.05,17745.93954,4312.99,823188.1269
2025-08-19,112872.94,18065.47424,4075.59,831222.7951
2025-08-20,114271.24,15636.34194,4336.16,728324.8933
2025-08-21,112500.0,10839.69235,4225.3,433836.3992
2025-08-22,116935.99,23128.09037,4832.07,1277976.63526
2025-08-23,115438.05,11329.36197,4778.4,512442.0888
2025-08-24,113493.59,21175.98462,4780.15,780668.77842
2025-08-25,110111.98,25182.79379,4376.18,1043917.1659
2025-08-26,111763.22,18452.43877,4600.63,834750.2767
2025-08-27,111262.01,13392.60875,4506.71,606669.3611
2025-08-28,112566.9,11104.27744,4511.21,485243.4027
2025-08-29,108377.4,22580.31045,4360.18,679063.8777
2025-08-30,108816.33,10708.39159,4373.7,340319.1826
2025-08-31,108246.35,9489.51596,4391.83,356586.1861
2025-09-01,109237.42,16053.60219,4314.5,513830.0395
2025-09-02,111240.01,18510.28756,4326.5,524605.0512
2025-09-03,111705.71,11773.72084,4450.46,487091.6861
2025-09-04,110730.87,12203.13536,4297.55,471795.7096
2025-09-05,110659.99,21587.40888,4307.45,624169.8754
2025-09-06,110187.97,5000.29897,4273.14,191166.0686
2025-09-07,111137.34,5681.29944,4306.19,169620.8372
2025-09-08,112065.23,11582.40211,4306.37,372882.4355
2025-09-09,111546.39,15379.28248,4310.09,405485.7821
2025-09-10,113960.0,17517.41823,4349.32,506633.9098
2025-09-11,115482.69,13676.73119,4458.82,441259.6649
2025-09-12,116029.42,15324.10719,4712.16,510777.5402
2025-09-13,115918.29,8269.40394,4666.53,394393.6869
2025-09-14,115268.01,6707.60197,4604.49,278244.3205
2025-09-15,115349.71,13212.51149,4523.74,412291.9687
2025-09-16,116788.96,10926.9094,4501.29,293307.1099
2025-09-17,116447.59,16754.2454,4590.53,476981.4561
2025-09-18,117073.53,11657.23365,4587.66,290660.377
2025-09-19,115632.38,8992.09065,4468.59,331611.1482
2025-09-20,115685.63,4674.92752,4480.42,130781.913
2025-09-21,115232.29,4511.52219,4444.97,149349.8262
2025-09-22,112650.99,20781.71356,4199.08,708243.2348
2025-09-23,111998.8,12301.3203,4164.26,315227.9057
2025-09-24,113307.0,12369.25967,4152.81,353665.5671
2025-09-25,108994.49,21231.14957,3874.36,930327.6951
2025-09-26,109643.46,14243.01591,4032.24,575711.0859
2025-09-27,109635.85,5501.78643,4018.38,172693.2638
2025-09-28,112163.95,7542.3316,4142.16,240331.8589
2025-09-29,114311.96,15541.12005,4215.07,380728.6784
2025-09-30,114048.93,15044.15633,4145.15,391126.6172
2025-10-01,118594.99,20036.39516,4348.03,507026.3822
2025-10-02,120529.35,19670.83503,4484.35,526411.1571
2025-10-03,122232.0,23936.328,4512.87,485684.0267
2025-10-04,122391.0,8208.16678,4487.15,199732.7088
2025-10-05,123482.31,22043.097553,4514.32,506587.9614
2025-10-06,124658.54,19494.628793,4684.01,456200.6528
2025-10-07,121332.95,21633.99385,4447.7,640685.9319
2025-10-08,123306.0,17012.618,4525.72,399904.3287
2025-10-09,121662.4,21559.36007,4368.09,515978.1829
2025-10-10,112774.5,64171.93927,3829.72,1493971.0244
2025-10-11,110644.4,35448.51652,3746.79,789885.6582
2025-10-12,114958.8,32255.30272,4152.29,811308.152
2025-10-13,115166.0,22557.24033,4240.85,622813.9247
2025-10-14,113028.14,31870.32974,4125.02,962996.7658
2025-10-15,110763.28,22986.48811,3985.61,626081.6966
2025-10-16,108194.28,29857.17252,3894.51,643804.6163
2025-10-17,106431.68,37920.66838,3831.57,830127.0885
2025-10-18,107185.01,11123.18766,3889.21,250710.6121
2025-10-19,108642.78,15480.66423,3982.58,408538.2545
2025-10-20,110532.09,19193.4416,3979.22,511382.3301
2025-10-21,108297.67,37228.01659,3873.05,590594.1382
2025-10-22,107567.44,28610.78451,3805.53,593130.0905
2025-10-23,110078.18,17573.09294,3856.8,477231.0181
2025-10-24,111004.89,15005.16913,3934.88,425926.9383
2025-10-25,111646.27,6407.96864,3953.82,138526.3338
2025-10-26,114559.4,13454.47737,4158.46,344698.0918
2025-10-27,114107.65,21450.23241,4120.15,487131.2291
2025-10-28,112898.45,15523.42257,3979.2,472965.8377
2025-10-29,110021.29,21079.71376,3902.99,486452.3127
2025-10-30,108322.88,25988.82838,3805.09,531455.9923
2025-10-31,109608.01,21518.20439,3847.99,478636.2995
2025-11-01,110098.1,7378.50431,3873.77,152998.1626
2025-11-02,110540.68,12107.00087,3906.58,216083.1542
2025-11-04,101497.22,50534.87376,3287.05,1568004.2379
2025-11-05,103885.16,33778.77571,3424.29,809591.5132
2025-11-06,101346.04,25814.62139,3315.14,566363.7003
2025-11-07,103339.08,32059.50942,3436.05,683417.3854
2025-11-10,106011.13,22682.25673,3567.85,595273.0298
2025-11-11,103058.99,24196.50718,3417.76,660283.2747
2025-11-12,101654.37,20457.63906,3414.92,553101.9368
2025-11-13,99692.02,36198.50771,3231.54,951989.1347
2025-11-14,94594.0,47288.14481,3112.4,890446.1491
2025-11-16,94261.44,23889.4051,3095.29,570633.5809
2025-11-17,92215.14,39218.59806,3031.44,762500.4289
2025-11-18,92960.83,39835.14769,3123.66,766640.1058
2025-11-19,91554.96,32286.6376,3025.48,737926.7146
2025-11-20,86637.23,39733.19073,2834.22,912524.3718
2025-11-21,85129.43,72256.12679,2765.85,1180475.4085
2025-11-22,84739.74,14193.93263,2770.12,264691.3089
2025-11-23,86830.0,19734.46418,2802.16,409808.5734
2025-11-24,88300.01,24663.12795,2953.38,715279.7551
2025-11-25,87369.96,19567.0411,2959.36,427686.4528
2025-11-26,90484.02,21675.82239,3026.56,364535.326
2025-11-27,91333.95,16833.50932,3015.23,274980.3955
2025-11-28,90890.7,18830.86012,3031.15,346616.0275
2025-11-29,90802.44,7429.88291,2989.16,217904.1303
2025-11-30,90360.0,9687.74175,2991.26,182722.4253
2025-12-01,86286.01,34509.01227,2799.07,849002.9909
2025-12-02,91277.88,28210.22732,2996.07,523707.3586
2025-12-03,93429.95,25712.52585,3188.36,553669.8146
2025-12-04,92078.06,19803.94059,3133.26,486698.3987
2025-12-05,89330.04,19792.97218,3021.78,530382.8986
2025-12-06,89236.79,8409.50016,3038.06,159721.2488
2025-12-07,90395.31,13021.11185,3059.85,391129.675
